Insert into lugar_bd(luga_nombre,luga_tipo ,cf_luga_lugar) values
('Venezuela','Pais',Null),
('Amazonas','Estado',1),
('Anzoátegui','Estado',1),
('Apure','Estado',1),
('Aragua','Estado',1),
('Barinas','Estado',1),
('Bolívar','Estado',1),
('Carabobo','Estado',1),
('Cojedes','Estado',1),
('Delta Amacuro','Estado',1),
('Falcón','Estado',1),
('Guárico','Estado',1),
('Lara','Estado',1),
('Mérida','Estado',1),
('Miranda','Estado',1),
('Monagas','Estado',1),
('Nueva Esparta','Estado',1),
('Portuguesa','Estado',1),
('Sucre','Estado',1),
('Táchira','Estado',1),
('Trujillo','Estado',1),
('Vargas','Estado',1),
('Yaracuy','Estado',1),
('Zulia','Estado',1),
('Distrito Capital','Estado',1),
('Dependencias Federales','Estado',1),
('Alto Orinoco','Municipio',2),
('Atabapo','Municipio',2),
('Atures','Municipio',2),
('Autana','Municipio',2),
('Manapiare','Municipio',2),
('Maroa','Municipio',2),
('Río Negro','Municipio',2),
('Anaco','Municipio',3),
('Aragua','Municipio',3),
('Manuel Ezequiel Bruzual','Municipio',3),
('Diego Bautista Urbaneja','Municipio',3),
('Fernando Peñalver','Municipio',3),
('Francisco Del Carmen Carvajal','Municipio',3),
('General Sir Arthur McGregor','Municipio',3),
('Guanta','Municipio',3),
('Independencia','Municipio',3),
('José Gregorio Monagas','Municipio',3),
('Juan Antonio Sotillo','Municipio',3),
('Juan Manuel Cajigal','Municipio',3),
('Libertad','Municipio',3),
('Francisco de Miranda','Municipio',3),
('Pedro María Freites','Municipio',3),
('Píritu','Municipio',3),
('San José de Guanipa','Municipio',3),
('San Juan de Capistrano','Municipio',3),
('Santa Ana','Municipio',3),
('Simón Bolívar','Municipio',3),
('Simón Rodríguez','Municipio',3),
('Achaguas','Municipio',4),
('Biruaca','Municipio',4),
('Muñóz','Municipio',4),
('Páez','Municipio',4),
('Pedro Camejo','Municipio',4),
('Rómulo Gallegos','Municipio',4),
('San Fernando','Municipio',4),
('Atanasio Girardot','Municipio',5),
('Bolívar','Municipio',5),
('Camatagua','Municipio',5),
('Francisco Linares Alcántara','Municipio',5),
('José Ángel Lamas','Municipio',5),
('José Félix Ribas','Municipio',5),
('José Rafael Revenga','Municipio',5),
('Libertador','Municipio',5),
('Mario Briceño Iragorry','Municipio',5),
('Ocumare de la Costa de Oro','Municipio',5),
('San Casimiro','Municipio',5),
('San Sebastián','Municipio',5),
('Santiago Mariño','Municipio',5),
('Santos Michelena','Municipio',5),
('Sucre','Municipio',5),
('Tovar','Municipio',5),
('Urdaneta','Municipio',5),
('Zamora','Municipio',5),
('Alberto Arvelo Torrealba','Municipio',6),
('Andrés Eloy Blanco','Municipio',6),
('Antonio José de Sucre','Municipio',6),
('Arismendi','Municipio',6),
('Barinas','Municipio',6),
('Bolívar','Municipio',6),
('Cruz Paredes','Municipio',6),
('Ezequiel Zamora','Municipio',6),
('Obispos','Municipio',6),
('Pedraza','Municipio',6),
('Rojas','Municipio',6),
('Sosa','Municipio',6),
('Caroní','Municipio',7),
('Cedeño','Municipio',7),
('El Callao','Municipio',7),
('Gran Sabana','Municipio',7),
('Heres','Municipio',7),
('Piar','Municipio',7),
('Angostura (Raúl Leoni)','Municipio',7),
('Roscio','Municipio',7),
('Sifontes','Municipio',7),
('Sucre','Municipio',7),
('Padre Pedro Chien','Municipio',7),
('Bejuma','Municipio',8),
('Carlos Arvelo','Municipio',8),
('Diego Ibarra','Municipio',8),
('Guacara','Municipio',8),
('Juan José Mora','Municipio',8),
('Libertador','Municipio',8),
('Los Guayos','Municipio',8),
('Miranda','Municipio',8),
('Montalbán','Municipio',8),
('Naguanagua','Municipio',8),
('Puerto Cabello','Municipio',8),
('San Diego','Municipio',8),
('San Joaquín','Municipio',8),
('Valencia','Municipio',8),
('Anzoátegui','Municipio',9),
('Tinaquillo','Municipio',9),
('Girardot','Municipio',9),
('Lima Blanco','Municipio',9),
('Pao de San Juan Bautista','Municipio',9),
('Ricaurte','Municipio',9),
('Rómulo Gallegos','Municipio',9),
('San Carlos','Municipio',9),
('Tinaco','Municipio',9),
('Antonio Díaz','Municipio',10),
('Casacoima','Municipio',10),
('Pedernales','Municipio',10),
('Tucupita','Municipio',10),
('Acosta','Municipio',11),
('Bolívar','Municipio',11),
('Buchivacoa','Municipio',11),
('Cacique Manaure','Municipio',11),
('Carirubana','Municipio',11),
('Colina','Municipio',11),
('Dabajuro','Municipio',11),
('Democracia','Municipio',11),
('Falcón','Municipio',11),
('Federación','Municipio',11),
('Jacura','Municipio',11),
('José Laurencio Silva','Municipio',11),
('Los Taques','Municipio',11),
('Mauroa','Municipio',11),
('Miranda','Municipio',11),
('Monseñor Iturriza','Municipio',11),
('Palmasola','Municipio',11),
('Petit','Municipio',11),
('Píritu','Municipio',11),
('San Francisco','Municipio',11),
('Sucre','Municipio',11),
('Tocópero','Municipio',11),
('Unión','Municipio',11),
('Urumaco','Municipio',11),
('Zamora','Municipio',11),
('Camaguán','Municipio',12),
('Chaguaramas','Municipio',12),
('El Socorro','Municipio',12),
('José Félix Ribas','Municipio',12),
('José Tadeo Monagas','Municipio',12),
('Juan Germán Roscio','Municipio',12),
('Julián Mellado','Municipio',12),
('Las Mercedes','Municipio',12),
('Leonardo Infante','Municipio',12),
('Pedro Zaraza','Municipio',12),
('Ortíz','Municipio',12),
('San Gerónimo de Guayabal','Municipio',12),
('San José de Guaribe','Municipio',12),
('Santa María de Ipire','Municipio',12),
('Sebastián Francisco de Miranda','Municipio',12),
('Andrés Eloy Blanco','Municipio',13),
('Crespo','Municipio',13),
('Iribarren','Municipio',13),
('Jiménez','Municipio',13),
('Morán','Municipio',13),
('Palavecino','Municipio',13),
('Simón Planas','Municipio',3),
('Torres','Municipio',13),
('Urdaneta','Municipio',13),
('Alberto Adriani','Municipio',14),
('Andrés Bello','Municipio',14),
('Antonio Pinto Salinas','Municipio',14),
('Aricagua','Municipio',14),
('Arzobispo Chacón','Municipio',14),
('Campo Elías','Municipio',14),
('Caracciolo Parra Olmedo','Municipio',14),
('Cardenal Quintero','Municipio',14),
('Guaraque','Municipio',14),
('Julio César Salas','Municipio',14),
('Justo Briceño','Municipio',14),
('Libertador','Municipio',14),
('Miranda','Municipio',14),
('Obispo Ramos de Lora','Municipio',14),
('Padre Noguera','Municipio',14),
('Pueblo Llano','Municipio',14),
('Rangel','Municipio',14),
('Rivas Dávila','Municipio',14),
('Santos Marquina','Municipio',14),
('Sucre','Municipio',14),
('Tovar','Municipio',14),
('Tulio Febres Cordero','Municipio',14),
('Zea','Municipio',14),
('Acevedo','Municipio',15),
('Andrés Bello','Municipio',15),
('Baruta','Municipio',15),
('Brión','Municipio',15),
('Buroz','Municipio',15),
('Carrizal','Municipio',15),
('Chacao','Municipio',15),
('Cristóbal Rojas','Municipio',15),
('El Hatillo','Municipio',15),
('Guaicaipuro','Municipio',15),
('Independencia','Municipio',15),
('Lander','Municipio',15),
('Los Salias','Municipio',15),
('Páez','Municipio',15),
('Paz Castillo','Municipio',15),
('Pedro Gual','Municipio',15),
('Plaza','Municipio',15),
('Simón Bolívar','Municipio',15),
('Sucre','Municipio',15),
('Urdaneta','Municipio',15),
('Zamora','Municipio',15),
('Acosta','Municipio',16),
('Aguasay','Municipio',16),
('Bolívar','Municipio',16),
('Caripe','Municipio',16),
('Cedeño','Municipio',16),
('Ezequiel Zamora','Municipio',16),
('Libertador','Municipio',16),
('Maturín','Municipio',16),
('Piar','Municipio',16),
('Punceres','Municipio',16),
('Santa Bárbara','Municipio',16),
('Sotillo','Municipio',16),
('Uracoa','Municipio',16),
('Antolín del Campo','Municipio',17),
('Arismendi','Municipio',17),
('García','Municipio',17),
('Gómez','Municipio',17),
('Maneiro','Municipio',17),
('Marcano','Municipio',17),
('Mariño','Municipio',17),
('Península de Macanao','Municipio',17),
('Tubores','Municipio',17),
('Villalba','Municipio',17),
('Díaz','Municipio',17),
('Agua Blanca','Municipio',18),
('Araure','Municipio',18),
('Esteller','Municipio',18),
('Guanare','Municipio',18),
('Guanarito','Municipio',18),
('Monseñor José Vicente de Unda','Municipio',18),
('Ospino','Municipio',18),
('Páez','Municipio',18),
('Papelón','Municipio',18),
('San Genaro de Boconoíto','Municipio',18),
('San Rafael de Onoto','Municipio',18),
('Santa Rosalía','Municipio',18),
('Sucre','Municipio',18),
('Turén','Municipio',18),
('Andrés Eloy Blanco','Municipio',19),
('Andrés Mata','Municipio',19),
('Arismendi','Municipio',19),
('Benítez','Municipio',19),
('Bermúdez','Municipio',19),
('Bolívar','Municipio',19),
('Cajigal','Municipio',19),
('Cruz Salmerón Acosta','Municipio',19),
('Libertador','Municipio',19),
('Mariño','Municipio',19),
('Mejía','Municipio',19),
('Montes','Municipio',19),
('Ribero','Municipio',19),
('Sucre','Municipio',19),
('Valdéz','Municipio',19),
('Andrés Bello','Municipio',20),
('Antonio Rómulo Costa','Municipio',20),
('Ayacucho','Municipio',20),
('Bolívar','Municipio',20),
('Cárdenas','Municipio',20),
('Córdoba','Municipio',20),
('Fernández Feo','Municipio',20),
('Francisco de Miranda','Municipio',20),
('García de Hevia','Municipio',20),
('Guásimos','Municipio',20),
('Independencia','Municipio',20),
('Jáuregui','Municipio',20),
('José María Vargas','Municipio',20),
('Junín','Municipio',20),
('Libertad','Municipio',20),
('Libertador','Municipio',20),
('Lobatera','Municipio',20),
('Michelena','Municipio',20),
('Panamericano','Municipio',20),
('Pedro María Ureña','Municipio',20),
('Rafael Urdaneta','Municipio',20),
('Samuel Darío Maldonado','Municipio',20),
('San Cristóbal','Municipio',20),
('Seboruco','Municipio',20),
('Simón Rodríguez','Municipio',20),
('Sucre','Municipio',20),
('Torbes','Municipio',20),
('Uribante','Municipio',20),
('San Judas Tadeo','Municipio',20),
('Andrés Bello','Municipio',21),
('Boconó','Municipio',21),
('Bolívar','Municipio',21),
('Candelaria','Municipio',21),
('Carache','Municipio',21),
('Escuque','Municipio',21),
('José Felipe Márquez Cañizalez','Municipio',21),
('Juan Vicente Campos Elías','Municipio',21),
('La Ceiba','Municipio',21),
('Miranda','Municipio',21),
('Monte Carmelo','Municipio',21),
('Motatán','Municipio',21),
('Pampán','Municipio',21),
('Pampanito','Municipio',21),
('Rafael Rangel','Municipio',21),
('San Rafael de Carvajal','Municipio',21),
('Sucre','Municipio',21),
('Trujillo','Municipio',21),
('Urdaneta','Municipio',21),
('Valera','Municipio',21),
('Vargas','Municipio',22),
('Arístides Bastidas','Municipio',23),
('Bolívar','Municipio',23),
('Bruzual','Municipio',23),
('Cocorote','Municipio',23),
('Independencia','Municipio',23),
('José Antonio Páez','Municipio',23),
('La Trinidad','Municipio',23),
('Manuel Monge','Municipio',23),
('Nirgua','Municipio',23),
('Peña','Municipio',23),
('San Felipe','Municipio',23),
('Sucre','Municipio',23),
('Urachiche','Municipio',23),
('José Joaquín Veroes','Municipio',23),
('Almirante Padilla','Municipio',24),
('Baralt','Municipio',24),
('Cabimas','Municipio',24),
('Catatumbo','Municipio',24),
('Colón','Municipio',24),
('Francisco Javier Pulgar','Municipio',24),
('Páez','Municipio',24),
('Jesús Enrique Losada','Municipio',24),
('Jesús María Semprún','Municipio',24),
('La Cañada de Urdaneta','Municipio',24),
('Lagunillas','Municipio',24),
('Machiques de Perijá','Municipio',24),
('Mara','Municipio',24),
('Maracaibo','Municipio',24),
('Miranda','Municipio',24),
('Rosario de Perijá','Municipio',24),
('San Francisco','Municipio',24),
('Santa Rita','Municipio',24),
('Simón Bolívar','Municipio',24),
('Sucre','Municipio',24),
('Valmore Rodríguez','Municipio',24),
('Libertador','Municipio',25),
('Alto Orinoco','Parroquia',27),
('HuachamacareAcanaña','Parroquia',27),
('MarawakaTokyShamanaña','Parroquia',27),
('MavakaMavaka','Parroquia',27),
('Sierra Parima Parimabé','Parroquia',27),
('Ucata Laja Lisa','Parroquia',28),
('YapacanaMacuruco','Parroquia',28),
('CanameGuarinuma','Parroquia',28),
('Fernando Girón Tovar','Parroquia',29),
('Luis Alberto Gómez','Parroquia',29),
('Pahueña Limón de Parhueña','Parroquia',29),
('PlatanillalPlatanillal','Parroquia',29),
('Samariapo','Parroquia',30),
('Sipapo','Parroquia',30),
('Munduapo','Parroquia',30),
('Guayapo','Parroquia',30),
('Alto Ventuari','Parroquia',31),
('Medio Ventuari','Parroquia',31),
('Bajo Ventuari','Parroquia',31),
('Victorino','Parroquia',32),
('Comunidad','Parroquia',32),
('Casiquiare','Parroquia',33),
('Cocuy','Parroquia',33),
('San Carlos de Río Negro','Parroquia',33),
('Solano','Parroquia',33),
('Anaco','Parroquia',34),
('San Joaquín','Parroquia',34),
('Cachipo','Parroquia',35),
('Aragua de Barcelona','Parroquia',35),
('Lechería','Parroquia',37),
('El Morro','Parroquia',37),
('Puerto Píritu','Parroquia',38),
('San Miguel','Parroquia',38),
('Sucre','Parroquia',38),
('Valle de Guanape','Parroquia',39),
('Santa Bárbara','Parroquia',39),
('El Chaparro','Parroquia',40),
('Tomás Alfaro','Parroquia',40),
('Calatrava','Parroquia',40),
('Guanta','Parroquia',41),
('Chorrerón','Parroquia',41),
('Mamo','Parroquia',42),
('Soledad','Parroquia',42),
('Mapire','Parroquia',43),
('Piar','Parroquia',43),
('Santa Clara','Parroquia',43),
('San Diego de Cabrutica','Parroquia',43),
('Uverito','Parroquia',43),
('Zuata','Parroquia',43),
('Puerto La Cruz','Parroquia',44),
('Pozuelos','Parroquia',44),
('Onoto','Parroquia',45),
('San Pablo','Parroquia',45),
('San Mateo','Parroquia',46),
('El Carito','Parroquia',46),
('Santa Inés','Parroquia',46),
('La Romereña','Parroquia',46),
('Atapirire','Parroquia',47),
('Boca del Pao','Parroquia',47),
('El Pao','Parroquia',47),
('Pariaguán','Parroquia',47),
('Cantaura','Parroquia',48),
('Libertador','Parroquia',48),
('Santa Rosa','Parroquia',48),
('Urica','Parroquia',48),
('Píritu','Parroquia',49),
('San Francisco','Parroquia',49),
('San José de Guanipa','Parroquia',50),
('Boca de Uchire','Parroquia',51),
('Boca de Chávez','Parroquia',51),
('Pueblo Nuevo','Parroquia',52),
('Santa Ana','Parroquia',52),
('Bergantín','Parroquia',53),
('Caigua','Parroquia',53),
('El Carmen','Parroquia',53),
('El Pilar','Parroquia',53),
('Naricual','Parroquia',53),
('San Crsitóbal','Parroquia',53),
('Edmundo Barrios','Parroquia',54),
('Miguel Otero Silva','Parroquia',54),
('Achaguas','Parroquia',55),
('Apurito','Parroquia',55),
('El Yagual','Parroquia',55),
('Guachara','Parroquia',55),
('Mucuritas','Parroquia',55),
('Queseras del medio','Parroquia',55),
('Biruaca','Parroquia',56),
('Bruzual','Parroquia',57),
('Mantecal','Parroquia',57),
('Quintero','Parroquia',57),
('Rincón Hondo','Parroquia',57),
('San Vicente','Parroquia',57),
('Guasdualito','Parroquia',58),
('Aramendi','Parroquia',58),
('El Amparo','Parroquia',58),
('San Camilo','Parroquia',58),
('Urdaneta','Parroquia',58),
('San Juan de Payara','Parroquia',59),
('Codazzi','Parroquia',59),
('Cunaviche','Parroquia',59),
('Elorza','Parroquia',60),
('La Trinidad','Parroquia',60),
('San Fernando','Parroquia',61),
('El Recreo','Parroquia',61),
('Peñalver','Parroquia',61),
('San Rafael de Atamaica','Parroquia',61),
('Pedro José Ovalles','Parroquia',62),
('Joaquín Crespo','Parroquia',62),
('José Casanova Godoy','Parroquia',62),
('Madre María de San José','Parroquia',62),
('Andrés Eloy Blanco','Parroquia',62),
('Los Tacarigua','Parroquia',62),
('Las Delicias','Parroquia',62),
('Choroní','Parroquia',62),
('Bolívar','Parroquia',63),
('Camatagua','Parroquia',64),
('Carmen de Cura','Parroquia',64),
('Santa Rita','Parroquia',65),
('Francisco de Miranda','Parroquia',65),
('Moseñor Feliciano González','Parroquia',65),
('Santa Cruz','Parroquia',66),
('José Félix Ribas','Parroquia',67),
('Castor Nieves Ríos','Parroquia',67),
('Las Guacamayas','Parroquia',67),
('Pao de Zárate','Parroquia',67),
('Zuata','Parroquia',67),
('José Rafael Revenga','Parroquia',68),
('Palo Negro','Parroquia',69),
('San Martín de Porres','Parroquia',69),
('El Limón','Parroquia',70),
('Caña de Azúcar','Parroquia',70),
('Ocumare de la Costa','Parroquia',71),
('San Casimiro','Parroquia',72),
('Güiripa','Parroquia',72),
('Ollas de Caramacate','Parroquia',72),
('Valle Morín','Parroquia',72),
('San Sebastían','Parroquia',73),
('Turmero','Parroquia',74),
('Arevalo Aponte','Parroquia',74),
('Chuao','Parroquia',74),
('Samán de Güere','Parroquia',74),
('Alfredo Pacheco Miranda','Parroquia',74),
('Santos Michelena','Parroquia',75),
('Tiara','Parroquia',75),
('Cagua','Parroquia',76),
('Bella Vista','Parroquia',76),
('Tovar','Parroquia',77),
('Urdaneta','Parroquia',78),
('Las Peñitas','Parroquia',78),
('San Francisco de Cara','Parroquia',78),
('Taguay','Parroquia',78),
('Zamora','Parroquia',79),
('Magdaleno','Parroquia',79),
('San Francisco de Asís','Parroquia',79),
('Valles de Tucutunemo','Parroquia',79),
('Augusto Mijares','Parroquia',79),
('Sabaneta','Parroquia',80),
('Juan Antonio Rodríguez Domínguez','Parroquia',80),
('El Cantón','Parroquia',81),
('Santa Cruz de Guacas','Parroquia',81),
('Puerto Vivas','Parroquia',81),
('Ticoporo','Parroquia',82),
('Nicolás Pulido','Parroquia',82),
('Andrés Bello','Parroquia',82),
('Arismendi','Parroquia',83),
('Guadarrama','Parroquia',83),
('La Unión','Parroquia',83),
('San Antonio','Parroquia',83),
('Barinas','Parroquia',84),
('Alberto Arvelo Larriva','Parroquia',84),
('San Silvestre','Parroquia',84),
('Santa Inés','Parroquia',84),
('Santa Lucía','Parroquia',84),
('Torumos','Parroquia',84),
('El Carmen','Parroquia',84),
('Rómulo Betancourt','Parroquia',84),
('Corazón de Jesús','Parroquia',84),
('Ramón Ignacio Méndez','Parroquia',84),
('Alto Barinas','Parroquia',84),
('Manuel Palacio Fajardo','Parroquia',84),
('Juan Antonio Rodríguez Domínguez','Parroquia',84),
('Dominga Ortiz de Páez','Parroquia',84),
('Barinitas','Parroquia',85),
('Altamira de Cáceres','Parroquia',85),
('Calderas','Parroquia',85),
('Barrancas','Parroquia',86),
('El Socorro','Parroquia',86),
('Mazparrito','Parroquia',86),
('Santa Bárbara','Parroquia',86),
('Pedro Briceño Méndez','Parroquia',87),
('Ramón Ignacio Méndez','Parroquia',87),
('José Ignacio del Pumar','Parroquia',87),
('Obispos','Parroquia',88),
('Guasimitos','Parroquia',88),
('El Real','Parroquia',88),
('La Luz','Parroquia',88),
('Ciudad Bolívia','Parroquia',89),
('José Ignacio Briceño','Parroquia',89),
('José Félix Ribas','Parroquia',89),
('Páez','Parroquia',89),
('Libertad','Parroquia',90),
('Dolores','Parroquia',90),
('Santa Rosa','Parroquia',90),
('Palacio Fajardo','Parroquia',90),
('Ciudad de Nutrias','Parroquia',91),
('El Regalo','Parroquia',91),
('Puerto Nutrias','Parroquia',91),
('Santa Catalina','Parroquia',91),
('Cachamay','Parroquia',92),
('Chirica','Parroquia',92),
('Dalla Costa','Parroquia',92),
('Once de Abril','Parroquia',92),
('Simón Bolívar','Parroquia',92),
('Unare','Parroquia',92),
('Universidad','Parroquia',92),
('Vista al Sol','Parroquia',92),
('Pozo Verde','Parroquia',92),
('Yocoima','Parroquia',92),
('5 de Julio','Parroquia',92),
('Cedeño','Parroquia',93),
('Altagracia','Parroquia',93),
('Ascensión Farreras','Parroquia',93),
('Guaniamo','Parroquia',93),
('La Urbana','Parroquia',93),
('Pijiguaos','Parroquia',93),
('El Callao','Parroquia',94),
('Gran Sabana','Parroquia',95),
('Ikabarú','Parroquia',95),
('Catedral','Parroquia',96),
('Zea','Parroquia',96),
('Orinoco','Parroquia',96),
('José Antonio Páez','Parroquia',96),
('Marhuanta','Parroquia',96),
('Agua Salada','Parroquia',96),
('Vista Hermosa','Parroquia',96),
('La Sabanita','Parroquia',96),
('Panapana','Parroquia',96),
('Andrés Eloy Blanco','Parroquia',97),
('Pedro Cova','Parroquia',97),
('Raúl Leoni','Parroquia',98),
('Barceloneta','Parroquia',98),
('Santa Bárbara','Parroquia',98),
('San Francisco','Parroquia',98),
('Roscio','Parroquia',99),
('Salóm','Parroquia',99),
('Sifontes','Parroquia',100),
('Dalla Costa','Parroquia',100),
('San Isidro','Parroquia',100),
('Sucre','Parroquia',101),
('Aripao','Parroquia',101),
('Guarataro','Parroquia',101),
('Las Majadas','Parroquia',101),
('Moitaco','Parroquia',101),
('Padre Pedro Chien','Parroquia',102),
('Río Grande','Parroquia',102),
('Bejuma','Parroquia',103),
('Canoabo','Parroquia',103),
('Simón Bolívar','Parroquia',103),
('Güigüe','Parroquia',104),
('Carabobo','Parroquia',104),
('Tacarigua','Parroquia',104),
('Mariara','Parroquia',105),
('Aguas Calientes','Parroquia',105),
('Ciudad Alianza','Parroquia',106),
('Guacara','Parroquia',106),
('Yagua','Parroquia',106),
('Morón','Parroquia',107),
('Yagua','Parroquia',107),
('Tocuyito','Parroquia',108),
('Independencia','Parroquia',108),
('Los Guayos','Parroquia',109),
('Miranda','Parroquia',110),
('Montalbán','Parroquia',111),
('Naguanagua','Parroquia',112),
('Bartolomé Salóm','Parroquia',113),
('Democracia','Parroquia',113),
('Fraternidad','Parroquia',113),
('Goaigoaza','Parroquia',113),
('Juan José Flores','Parroquia',113),
('Unión','Parroquia',113),
('Borburata','Parroquia',113),
('Patanemo','Parroquia',113),
('San Diego','Parroquia',114),
('San Joaquín','Parroquia',115),
('Candelaria','Parroquia',116),
('Catedral','Parroquia',116),
('El Socorro','Parroquia',116),
('Miguel Peña','Parroquia',116),
('Rafael Urdaneta','Parroquia',116),
('San Blas','Parroquia',116),
('San José','Parroquia',116),
('Santa Rosa','Parroquia',116),
('Negro Primero','Parroquia',116),
('Cojedes','Parroquia',117),
('Juan de Mata Suárez','Parroquia',117),
('Tinaquillo','Parroquia',118),
('El Baúl','Parroquia',119),
('Sucre','Parroquia',119),
('La Aguadita','Parroquia',120),
('Macapo','Parroquia',120),
('El Pao','Parroquia',121),
('El Amparo','Parroquia',122),
('Libertad de Cojedes','Parroquia',122),
('Rómulo Gallegos','Parroquia',123),
('San Carlos de Austria','Parroquia',124),
('Juan Ángel Bravo','Parroquia',124),
('Manuel Manrique','Parroquia',124),
('General en Jefe José Laurencio Silva','Parroquia',125),
('Curiapo','Parroquia',126),
('Almirante Luis Brión','Parroquia',126),
('Francisco Aniceto Lugo','Parroquia',126),
('Manuel Renaud','Parroquia',126),
('Padre Barral','Parroquia',126),
('Santos de Abelgas','Parroquia',126),
('Imataca','Parroquia',127),
('Cinco de Julio','Parroquia',127),
('Juan Bautista Arismendi','Parroquia',127),
('Manuel Piar','Parroquia',127),
('Rómulo Gallegos','Parroquia',127),
('Pedernales','Parroquia',128),
('Luis Beltrán Prieto Figueroa','Parroquia',128),
('San José (Delta Amacuro)','Parroquia',129),
('José Vidal Marcano','Parroquia',129),
('Juan Millán','Parroquia',129),
('Leonardo Ruíz Pineda','Parroquia',129),
('Mariscal Antonio José de Sucre','Parroquia',129),
('Monseñor Argimiro García','Parroquia',129),
('San Rafael (Delta Amacuro)','Parroquia',129),
('Virgen del Valle','Parroquia',129),
('Clarines','Parroquia',36),
('Guanape','Parroquia',36),
('Sabana de Uchire','Parroquia',36),
('Capadare','Parroquia',130),
('La Pastora','Parroquia',130),
('Libertador','Parroquia',130),
('San Juan de los Cayos','Parroquia',130),
('Aracua','Parroquia',131),
('La Peña','Parroquia',131), 
('San Luis','Parroquia',131),
('Bariro','Parroquia',132),
('Borojó','Parroquia',132),
('Capatárida','Parroquia',132),
('Guajiro','Parroquia',132),
('Seque','Parroquia',132),
('Zazárida','Parroquia',132),
('Valle de Eroa','Parroquia',132),
('Cacique Manaure','Parroquia',133),
('Norte','Parroquia',134),
('Carirubana','Parroquia',134),
('Santa Ana','Parroquia',134),
('Urbana Punta Cardón','Parroquia',134),
('La Vela de Coro','Parroquia',135),
('Acurigua','Parroquia',135),
('Guaibacoa','Parroquia',135),
('Las Calderas','Parroquia',135),
('Macoruca','Parroquia',135),
('Dabajuro','Parroquia',136),
('Agua Clara','Parroquia',137),
('Avaria','Parroquia',137),
('Pedregal','Parroquia',137),
('Piedra Grande','Parroquia',137),
('Purureche','Parroquia',137),
('Adaure','Parroquia',138),
('Adícora','Parroquia',138),
('Baraived','Parroquia',138),
('Buena Vista','Parroquia',138),
('Jadacaquiva','Parroquia',138),
('El Vínculo','Parroquia',138),
('El Hato','Parroquia',138),
('Moruy','Parroquia',138),
('Pueblo Nuevo','Parroquia',138),
('Agua Larga','Parroquia',139),
('El Paují','Parroquia',139),
('Independencia','Parroquia',13),
('Mapararí','Parroquia',139),
('Agua Linda','Parroquia',140),
('Araurima','Parroquia',140),
('Jacura','Parroquia',140),
('Tucacas','Parroquia',141),
('Boca de Aroa','Parroquia',141),
('Los Taques','Parroquia',142),
('Judibana','Parroquia',142),
('Mene de Mauroa','Parroquia',143),
('San Félix','Parroquia',143),
('Casigua','Parroquia',143),
('Guzmán Guillermo','Parroquia',144),
('Mitare','Parroquia',144),
('Río Seco','Parroquia',144),
('Sabaneta','Parroquia',144),
('San Antonio','Parroquia',144),
('San Gabriel','Parroquia',144),
('Santa Ana','Parroquia',144),
('Boca del Tocuyo','Parroquia',145),
('Chichiriviche','Parroquia',145),
('Tocuyo de la Costa','Parroquia',145),
('Palmasola','Parroquia',146),
('Cabure','Parroquia',147),
('Colina','Parroquia',147),
('Curimagua','Parroquia',147),
('San José de la Costa','Parroquia',148),
('Píritu','Parroquia',148),
('San Francisco','Parroquia',149),
('Sucre','Parroquia',150),
('Pecaya','Parroquia',150),
('Tocópero','Parroquia',151),
('El Charal','Parroquia',152),
('Las Vegas del Tuy','Parroquia',152),
('Santa Cruz de Bucaral','Parroquia',152),
('Bruzual','Parroquia',153),
('Urumaco','Parroquia',153),
('Puerto Cumarebo','Parroquia',154),
('La Ciénaga','Parroquia',154),
('La Soledad','Parroquia',154),
('Pueblo Cumarebo','Parroquia',154),
('Zazárida','Parroquia',154),
('Churuguara','Parroquia',139),
('Camaguán','Parroquia',155),
('Puerto Miranda','Parroquia',155),
('Uverito','Parroquia',155),
('Chaguaramas','Parroquia',156),
('El Socorro','Parroquia',157),
('Tucupido','Parroquia',158),
('San Rafael de Laya','Parroquia',158),
('Altagracia de Orituco','Parroquia',159),
('San Rafael de Orituco','Parroquia',159),
('San Francisco Javier de Lezama','Parroquia',159),
('Paso Real de Macaira','Parroquia',159),
('Carlos Soublette','Parroquia',159),
('San Francisco de Macaira','Parroquia',159),
('Libertad de Orituco','Parroquia',159),
('Cantaclaro','Parroquia',160),
('San Juan de los Morros','Parroquia',160),
('Parapara','Parroquia',160),
('El Sombrero','Parroquia',161),
('Sosa','Parroquia',161),
('Las Mercedes','Parroquia',162),
('Cabruta','Parroquia',162),
('Santa Rita de Manapire','Parroquia',162),
('Valle de la Pascua','Parroquia',163),
('Espino','Parroquia',163),
('San José de Unare','Parroquia',164),
('Zaraza','Parroquia',164),
('San José de Tiznados','Parroquia',165),
('San Francisco de Tiznados','Parroquia',165),
('San Lorenzo de Tiznados','Parroquia',165),
('Ortiz','Parroquia',165),
('Guayabal','Parroquia',166),
('Cazorla','Parroquia',166),
('San José de Guaribe','Parroquia',167),
('Uveral','Parroquia',167),
('Santa María de Ipire','Parroquia',168),
('Altamira','Parroquia',168),
('El Calvario','Parroquia',169),
('El Rastro','Parroquia',169),
('Guardatinajas','Parroquia',169),
('Capital Urbana Calabozo','Parroquia',169),
('Quebrada Honda de Guache','Parroquia',170),
('Pío Tamayo','Parroquia',170),
('Yacambú','Parroquia',170),
('Fréitez','Parroquia',171),
('José María Blanco','Parroquia',171),
('Catedral','Parroquia',172),
('Concepción','Parroquia',172),
('El Cují','Parroquia',172),
('Juan de Villegas','Parroquia',172),
('Santa Rosa','Parroquia',172),
('Tamaca','Parroquia',172),
('Unión','Parroquia',172),
('Aguedo Felipe Alvarado','Parroquia',172),
('Buena Vista','Parroquia',172),
('Juárez','Parroquia',172),
('Juan Bautista Rodríguez','Parroquia',173),
('Cuara','Parroquia',173),
('Diego de Lozada','Parroquia',173),
('Paraíso de San José','Parroquia',173),
('San Miguel','Parroquia',173),
('Tintorero','Parroquia',173),
('José Bernardo Dorante','Parroquia',173),
('Coronel Mariano Peraza','Parroquia',173),
('Bolívar','Parroquia',174),
('Anzoátegui','Parroquia',174),
('Guarico','Parroquia',174),
('Hilario Luna y Luna','Parroquia',174),
('Humocaro Alto','Parroquia',174),
('Humocaro Bajo','Parroquia',174),
('La Candelaria','Parroquia',174),
('Morán','Parroquia',174),
('Cabudare','Parroquia',175),
('José Gregorio Bastidas','Parroquia',175),
('Agua Viva','Parroquia',175),
('Sarare','Parroquia',176),
('Buría','Parroquia',176),
('Gustavo Vegas León','Parroquia',176),
('Trinidad Samuel','Parroquia',177),
('Antonio Díaz','Parroquia',177),
('Camacaro','Parroquia',177),
('Castañeda','Parroquia',177),
('Cecilio Zubillaga','Parroquia',177),
('Chiquinquirá','Parroquia',177),
('El Blanco','Parroquia',177),
('Espinoza de los Monteros','Parroquia',177),
('Lara','Parroquia',177),
('Las Mercedes','Parroquia',177),
('Manuel Morillo','Parroquia',177),
('Montaña Verde','Parroquia',177),
('Montes de Oca','Parroquia',177),
('Torres','Parroquia',177),
('Heriberto Arroyo','Parroquia',177),
('Reyes Vargas','Parroquia',177),
('Altagracia','Parroquia',177),
('Siquisique','Parroquia',178),
('Moroturo','Parroquia',178),
('San Miguel','Parroquia',178),
('Xaguas','Parroquia',178),
('Presidente Betancourt','Parroquia',179),
('Presidente Páez','Parroquia',179),
('Presidente Rómulo Gallegos','Parroquia',179),
('Gabriel Picón González','Parroquia',179),
('Héctor Amable Mora','Parroquia',179),
('José NuceteSardi','Parroquia',179),
('Pulido Méndez','Parroquia',179),
('La Azulita','Parroquia',180),
('Santa Cruz de Mora','Parroquia',181),
('Mesa Bolívar','Parroquia',181),
('Mesa de Las Palmas','Parroquia',181),
('Aricagua','Parroquia',182),
('San Antonio','Parroquia',182),
('Canagua','Parroquia',183),
('Capurí','Parroquia',183),
('Chacantá','Parroquia',183),
('El Molino','Parroquia',183),
('Guaimaral','Parroquia',183),
('Mucutuy','Parroquia',183),
('Mucuchachí','Parroquia',183),
('Fernández Peña','Parroquia',184),
('Matriz','Parroquia',184),
('Montalbán','Parroquia',184),
('Acequias','Parroquia',184),
('Jají','Parroquia',184),
('La Mesa','Parroquia',184),
('San José del Sur','Parroquia',184),
('Tucaní','Parroquia',185),
('Florencio Ramírez','Parroquia',185),
('Santo Domingo','Parroquia',186),
('Las Piedras','Parroquia',186),
('Guaraque','Parroquia',187),
('Mesa de Quintero','Parroquia',187),
('Río Negro','Parroquia',187),
('Arapuey','Parroquia',188),
('Palmira','Parroquia',188),
('San Cristóbal de Torondoy','Parroquia',189),
('Torondoy','Parroquia',189),
('Antonio Spinetti Dini','Parroquia',190),
('Arias','Parroquia',190),
('Caracciolo Parra Pérez','Parroquia',190),
('Domingo Peña','Parroquia',190),
('El Llano','Parroquia',190),
('Gonzalo Picón Febres','Parroquia',190),
('Jacinto Plaza','Parroquia',190),
('Juan Rodríguez Suárez','Parroquia',190),
('Lasso de la Vega','Parroquia',190),
('Mariano Picón Salas','Parroquia',190),
('Milla','Parroquia',190),
('Osuna Rodríguez','Parroquia',190),
('Sagrario','Parroquia',190),
('El Morro','Parroquia',190),
('Los Nevados','Parroquia',190),
('Andrés Eloy Blanco','Parroquia',191),
('La Venta','Parroquia',191),
('Piñango','Parroquia',191),
('Timotes','Parroquia',191),
('Eloy Paredes','Parroquia',192),
('San Rafael de Alcázar','Parroquia',192),
('Santa Elena de Arenales','Parroquia',192),
('Santa María de Caparo','Parroquia',193),
('Pueblo Llano','Parroquia',194),
('Cacute','Parroquia',195),
('La Toma','Parroquia',195),
('Mucuchíes','Parroquia',195),
('Mucurubá','Parroquia',195),
('San Rafael','Parroquia',195),
('Gerónimo Maldonado','Parroquia',196),
('Bailadores','Parroquia',196),
('Tabay','Parroquia',197),
('Chiguará','Parroquia',198),
('Estánquez','Parroquia',198),
('Lagunillas','Parroquia',198),
('La Trampa','Parroquia',198),
('Pueblo Nuevo del Sur','Parroquia',198),
('San Juan','Parroquia',198),
('El Amparo','Parroquia',199),
('El Llano','Parroquia',199),
('San Francisco','Parroquia',199),
('Tovar','Parroquia',199),
('Independencia','Parroquia',200),
('María de la Concepción Palacios Blanco','Parroquia',200),
('Nueva Bolivia','Parroquia',200),
('Santa Apolonia','Parroquia',200),
('Caño El Tigre','Parroquia',201),
('Zea','Parroquia',201),
('Aragüita','Parroquia',202),
('Arévalo González','Parroquia',202),
('Capaya','Parroquia',202),
('Caucagua','Parroquia',202),
('Panaquire','Parroquia',202),
('Ribas','Parroquia',202),
('El Café','Parroquia',202),
('Marizapa','Parroquia',202),
('Cumbo','Parroquia',203),
('San José de Barlovento','Parroquia',203),
('El Cafetal','Parroquia',204),
('Las Minas','Parroquia',204),
('Nuestra Señora del Rosario','Parroquia',204),
('Higuerote','Parroquia',205),
('Curiepe','Parroquia',205),
('Tacarigua de Brión','Parroquia',205),
('Mamporal','Parroquia',206),
('Carrizal','Parroquia',207),
('Chacao','Parroquia',208),
('Charallave','Parroquia',209),
('Las Brisas','Parroquia',209),
('El Hatillo','Parroquia',210),
('Altagracia de la Montaña','Parroquia',211),
('Cecilio Acosta','Parroquia',211),
('Los Teques','Parroquia',211),
('El Jarillo','Parroquia',211),
('San Pedro','Parroquia',211),
('Tácata','Parroquia',211),
('Paracotos','Parroquia',211),
('Cartanal','Parroquia',212),
('Santa Teresa del Tuy','Parroquia',212),
('La Democracia','Parroquia',213),
('Ocumare del Tuy','Parroquia',213),
('Santa Bárbara','Parroquia',213),
('San Antonio de los Altos','Parroquia',214),
('Río Chico','Parroquia',215),
('El Guapo','Parroquia',215),
('Tacarigua de la Laguna','Parroquia',215),
('Paparo','Parroquia',215),
('San Fernando del Guapo','Parroquia',215),
('Santa Lucía del Tuy','Parroquia',216),
('Cúpira','Parroquia',217),
('Machurucuto','Parroquia',217),
('Guarenas','Parroquia',218),
('San Antonio de Yare','Parroquia',219),
('San Francisco de Yare','Parroquia',219),
('Leoncio Martínez','Parroquia',220),
('Petare','Parroquia',220),
('Caucagüita','Parroquia',220),
('Filas de Mariche','Parroquia',220),
('La Dolorita','Parroquia',220),
('Cúa','Parroquia',221),
('Nueva Cúa','Parroquia',221),
('Guatire','Parroquia',222),
('Bolívar','Parroquia',222),
('San Antonio de Maturín','Parroquia',223),
('San Francisco de Maturín','Parroquia',223),
('Aguasay','Parroquia',224),
('Caripito','Parroquia',225),
('El Guácharo','Parroquia',226),
('La Guanota','Parroquia',226),
('Sabana de Piedra','Parroquia',226),
('San Agustín','Parroquia',226),
('Teresen','Parroquia',226),
('Caripe','Parroquia',226),
('Areo','Parroquia',227),
('Capital Cedeño','Parroquia',227),
('San Félix de Cantalicio','Parroquia',227),
('Viento Fresco','Parroquia',227),
('El Tejero','Parroquia',228),
('Punta de Mata','Parroquia',228),
('Chaguaramas','Parroquia',229),
('Las Alhuacas','Parroquia',229),
('Tabasca','Parroquia',229),
('Temblador','Parroquia',229),
('Alto de los Godos','Parroquia',230),
('Boquerón','Parroquia',230),
('Las Cocuizas','Parroquia',230),
('La Cruz','Parroquia',230),
('San Simón','Parroquia',230),
('El Corozo','Parroquia',230),
('El Furrial','Parroquia',230),
('Jusepín','Parroquia',230),
('La Pica','Parroquia',230),
('San Vicente','Parroquia',230),
('Aparicio','Parroquia',231),
('Aragua de Maturín','Parroquia',231),
('Chaguamal','Parroquia',231),
('El Pinto','Parroquia',231),
('Guanaguana','Parroquia',231),
('La Toscana','Parroquia',231),
('Taguaya','Parroquia',231),
('Cachipo','Parroquia',232),
('Quiriquire','Parroquia',232),
('Santa Bárbara','Parroquia',233),
('Barrancas','Parroquia',234),
('Los Barrancos de Fajardo','Parroquia',234),
('Uracoa','Parroquia',235),
('Antolín del Campo','Parroquia',236),
('Arismendi','Parroquia',237),
('García','Parroquia',238),
('Francisco Fajardo','Parroquia',238),
('Bolívar','Parroquia',239),
('Guevara','Parroquia',239),
('Matasiete','Parroquia',239),
('Santa Ana','Parroquia',239),
('Sucre','Parroquia',239),
('Aguirre','Parroquia',240),
('Maneiro','Parroquia',240),
('Adrián','Parroquia',241),
('Juan Griego','Parroquia',241),
('Yaguaraparo','Parroquia',241),
('Porlamar','Parroquia',276),
('San Francisco de Macanao','Parroquia',277),
('Boca de Río','Parroquia',277),
('Tubores','Parroquia',278),
('Los Baleales','Parroquia',278),
('Vicente Fuentes','Parroquia',279),
('Villalba','Parroquia',279),
('San Juan Bautista','Parroquia',277),
('Zabala','Parroquia',280),
('Capital Araure','Parroquia',282),
('Río Acarigua','Parroquia',282),
('Capital Esteller','Parroquia',283),
('Uveral','Parroquia',283),
('Guanare','Parroquia',250),
('Córdoba','Parroquia',250),
('San José de la Montaña','Parroquia',250),
('San Juan de Guanaguanare','Parroquia',250),
('Virgen de la Coromoto','Parroquia',250),
('Guanarito','Parroquia',251),
('Trinidad de la Capilla','Parroquia',251),
('Divina Pastora','Parroquia',251),
('Monseñor José Vicente de Unda','Parroquia',252),
('Peña Blanca','Parroquia',252),
('Capital Ospino','Parroquia',253),
('Aparición','Parroquia',253),
('La Estación','Parroquia',253),
('Páez','Parroquia',254),
('Payara','Parroquia',254),
('Pimpinela','Parroquia',254),
('Ramón Peraza','Parroquia',254),
('Papelón','Parroquia',255),
('Caño Delgadito','Parroquia',255),
('San Genaro de Boconoito','Parroquia',256),
('Antolín Tovar','Parroquia',256),
('San Rafael de Onoto','Parroquia',257),
('Santa Fe','Parroquia',257),
('ThermoMorles','Parroquia',257),
('Santa Rosalía','Parroquia',258),
('Florida','Parroquia',258),
('Sucre','Parroquia',259),
('Concepción','Parroquia',259),
('San Rafael de Palo Alzado','Parroquia',259),
('Uvencio Antonio Velásquez','Parroquia',259),
('San José de Saguaz','Parroquia',259),
('Villa Rosa','Parroquia',259),
('Turén','Parroquia',260),
('Canelones','Parroquia',260),
('Santa Cruz','Parroquia',260),
('San Isidro Labrador','Parroquia',260),
('Mariño','Parroquia',261),
('Rómulo Gallegos','Parroquia',261),
('San José de Aerocuar','Parroquia',262),
('Tavera Acosta','Parroquia',262),
('Río Caribe','Parroquia',263),
('Antonio José de Sucre','Parroquia',263),
('El Morro de Puerto Santo','Parroquia',263),
('Puerto Santo','Parroquia',263),
('San Juan de las Galdonas','Parroquia',263),
('El Pilar','Parroquia',264),
('El Rincón','Parroquia',264),
('General Francisco Antonio Váquez','Parroquia',264),
('Guaraúnos','Parroquia',264),
('Tunapuicito','Parroquia',264),
('Unión','Parroquia',264),
('Santa Catalina','Parroquia',265),
('Santa Rosa','Parroquia',265),
('Santa Teresa','Parroquia',265),
('Bolívar','Parroquia',265),
('Maracapana','Parroquia',265),
('Libertad','Parroquia',267),
('El Paujil','Parroquia',267),
('Yaguaraparo','Parroquia',267),
('Cruz Salmerón Acosta','Parroquia',268),
('Chacopata','Parroquia',268),
('Manicuare','Parroquia',268),
('Tunapuy','Parroquia',269),
('Campo Elías','Parroquia',269),
('Irapa','Parroquia',270),
('Campo Claro','Parroquia',270),
('Maraval','Parroquia',270),
('San Antonio de Irapa','Parroquia',270),
('Soro','Parroquia',270),
('Mejía','Parroquia',271),
('Cumanacoa','Parroquia',272),
('Arenas','Parroquia',272),
('Aricagua','Parroquia',272),
('Cogollar','Parroquia',272),
('San Fernando','Parroquia',272),
('San Lorenzo','Parroquia',272),
('Villa Frontado (Muelle de Cariaco)','Parroquia',273),
('Catuaro','Parroquia',273),
('Rendón','Parroquia',273),
('San Cruz','Parroquia',273),
('Santa María','Parroquia',273),
('Altagracia','Parroquia',274),
('Santa Inés','Parroquia',274),
('Valentín Valiente','Parroquia',274),
('Ayacucho','Parroquia',274),
('San Juan','Parroquia',274),
('Raúl Leoni','Parroquia',274),
('Gran Mariscal','Parroquia',274),
('Cristóbal Colón','Parroquia',275),
('Bideau','Parroquia',275),
('Punta de Piedras','Parroquia',275),
('Güiria','Parroquia',275),
('Andrés Bello','Parroquia',276),
('Antonio Rómulo Costa','Parroquia',277),
('Ayacucho','Parroquia',278),
('Rivas Berti','Parroquia',278),
('San Pedro del Río','Parroquia',278),
('Bolívar','Parroquia',279),
('Palotal','Parroquia',279),
('General Juan Vicente Gómez','Parroquia',279),
('Isaías Medina Angarita','Parroquia',279),
('Cárdenas','Parroquia',280),
('Amenodoro Ángel Lamus','Parroquia',280),
('La Florida','Parroquia',280),
('Córdoba','Parroquia',281),
('Fernández Feo','Parroquia',282),
('Alberto Adriani','Parroquia',282),
('Santo Domingo','Parroquia',282),
('Francisco de Miranda','Parroquia',283),
('García de Hevia','Parroquia',284),
('Boca de Grita','Parroquia',284),
('José Antonio Páez','Parroquia',284),
('Guásimos','Parroquia',285),
('Independencia','Parroquia',286),
('Juan Germán Roscio','Parroquia',286),
('Román Cárdenas','Parroquia',286),
('Jáuregui','Parroquia',287),
('Emilio Constantino Guerrero','Parroquia',287),
('Monseñor Miguel Antonio Salas','Parroquia',287),
('José María Vargas','Parroquia',288),
('Junín','Parroquia',289),
('La Petrólea','Parroquia',289),
('Quinimarí','Parroquia',289),
('Bramón','Parroquia',289),
('Libertad','Parroquia',290),
('Cipriano Castro','Parroquia',290),
('Manuel Felipe Rugeles','Parroquia',290),
('Libertador','Parroquia',291),
('Doradas','Parroquia',291),
('Emeterio Ochoa','Parroquia',291),
('San Joaquín de Navay','Parroquia',291),
('Lobatera','Parroquia',292),
('Constitución','Parroquia',292),
('Michelena','Parroquia',293),
('Panamericano','Parroquia',294),
('La Palmita','Parroquia',294),
('Pedro María Ureña','Parroquia',295),
('Nueva Arcadia','Parroquia',295),
('Delicias','Parroquia',296),
('Pecaya','Parroquia',296),
('Samuel Darío Maldonado','Parroquia',297),
('Boconó','Parroquia',297),
('Hernández','Parroquia',297),
('La Concordia','Parroquia',298),
('San Juan Bautista','Parroquia',298),
('Pedro María Morantes','Parroquia',298),
('San Sebastián','Parroquia',298),
('Dr. Francisco Romero Lobo','Parroquia',298),
('Seboruco','Parroquia',299),
('Simón Rodríguez','Parroquia',300),
('Sucre','Parroquia',301),
('Eleazar López Contreras','Parroquia',301),
('San Pablo','Parroquia',301),
('Torbes','Parroquia',302),
('Uribante','Parroquia',303),
('Cárdenas','Parroquia',303),
('Juan Pablo Peñalosa','Parroquia',303),
('Potosí','Parroquia',303),
('San Judas Tadeo','Parroquia',304),
('Araguaney','Parroquia',305),
('El Jaguito','Parroquia',305),
('La Esperanza','Parroquia',305),
('Santa Isabel','Parroquia',305),
('Boconó','Parroquia',306),
('El Carmen','Parroquia',306),
('Mosquey','Parroquia',306),
('Ayacucho','Parroquia',306),
('Burbusay','Parroquia',306),
('General Ribas','Parroquia',306),
('Guaramacal','Parroquia',306),
('Vega de Guaramacal','Parroquia',306),
('Monseñor Jáuregui','Parroquia',306),
('Rafael Rangel','Parroquia',306),
('San Miguel','Parroquia',306),
('San José','Parroquia',306),
('Sabana Grande','Parroquia',307),
('Cheregüé','Parroquia',307),
('Granados','Parroquia',307),
('Arnoldo Gabaldón','Parroquia',308),
('Bolivia','Parroquia',308),
('Carrillo','Parroquia',308),
('Cegarra','Parroquia',308),
('Chejendé','Parroquia',308),
('Manuel Salvador Ulloa','Parroquia',308),
('San José','Parroquia',308),
('Carache','Parroquia',309),
('La Concepción','Parroquia',309),
('Cuicas','Parroquia',309),
('Panamericana','Parroquia',309),
('Santa Cruz','Parroquia',309),
('Escuque','Parroquia',310),
('La Unión','Parroquia',310),
('Santa Rita','Parroquia',310),
('Sabana Libre','Parroquia',310),
('El Socorro','Parroquia',311),
('Los Caprichos','Parroquia',311),
('Antonio José de Sucre','Parroquia',311),
('Campo Elías','Parroquia',312),
('Arnoldo Gabaldón','Parroquia',312),
('Santa Apolonia','Parroquia',313),
('El Progreso','Parroquia',313),
('La Ceiba','Parroquia',313),
('Tres de Febrero','Parroquia',313),
('El Dividive','Parroquia',314),
('Agua Santa','Parroquia',314),
('Agua Caliente','Parroquia',314),
('El Cenizo','Parroquia',314),
('Valerita','Parroquia',314),
('Monte Carmelo','Parroquia',315),
('Buena Vista','Parroquia',315),
('Santa María del Horcón','Parroquia',315),
('Motatán','Parroquia',316),
('El Baño','Parroquia',316),
('Jalisco','Parroquia',316),
('Pampán','Parroquia',317),
('Flor de Patria','Parroquia',317),
('La Paz','Parroquia',317),
('Santa Ana','Parroquia',317),
('Pampanito','Parroquia',318),
('La Concepción','Parroquia',318),
('Pampanito II','Parroquia',318),
('Betijoque','Parroquia',319),
('José Gregorio Hernández','Parroquia',319),
('La Pueblita','Parroquia',319),
('Los Cedros','Parroquia',319),
('Carvajal','Parroquia',320),
('Campo Alegre','Parroquia',320),
('Antonio Nicolás Briceño','Parroquia',320),
('José Leonardo Suárez','Parroquia',320),
('Sabana de Mendoza','Parroquia',321),
('Junín','Parroquia',321),
('Valmore Rodríguez','Parroquia',321),
('El Paraíso','Parroquia',321),
('Andrés Linares','Parroquia',322),
('Chiquinquirá','Parroquia',322),
('Cristóbal Mendoza','Parroquia',322),
('Cruz Carrillo','Parroquia',322),
('Matriz','Parroquia',322),
('Monseñor Carrillo','Parroquia',322),
('Tres Esquinas','Parroquia',322),
('Cabimbú','Parroquia',323),
('Jajó','Parroquia',323),
('La Mesa de Esnujaque','Parroquia',233),
('Santiago','Parroquia',323),
('Tuñame','Parroquia',323),
('La Quebrada','Parroquia',323),
('Juan Ignacio Montilla','Parroquia',324),
('La Beatriz','Parroquia',324),
('La Puerta','Parroquia',324),
('Mendoza del Valle de Momboy','Parroquia',324),
('Mercedes Díaz','Parroquia',324),
('San Luis','Parroquia',324),
('Caraballeda','Parroquia',325),
('Carayaca','Parroquia',325),
('Carlos Soublette','Parroquia',325),
('Caruao Chuspa','Parroquia',325),
('Catia La Mar','Parroquia',325),
('El Junko','Parroquia',325),
('La Guaira','Parroquia',325),
('Macuto','Parroquia',325),
('Maiquetía','Parroquia',325),
('Naiguatá','Parroquia',325),
('Urimare','Parroquia',325),
('Arístides Bastidas','Parroquia',326),
('Bolívar','Parroquia',327),
('Chivacoa','Parroquia',328),
('Campo Elías','Parroquia',328),
('Cocorote','Parroquia',329),
('Independencia','Parroquia',330),
('José Antonio Páez','Parroquia',331),
('La Trinidad','Parroquia',332),
('Manuel Monge','Parroquia',333),
('Salóm','Parroquia',334),
('Temerla','Parroquia',334),
('Nirgua','Parroquia',334),
('San Andrés','Parroquia',335),
('Yaritagua','Parroquia',335),
('San Javier','Parroquia',336),
('Albarico','Parroquia',336),
('San Felipe','Parroquia',336),
('Sucre','Parroquia',337),
('Urachiche','Parroquia',338),
('El Guayabo','Parroquia',339),
('Farriar','Parroquia',339),
('Isla de Toas','Parroquia',340),
('Monagas','Parroquia',340),
('San Timoteo','Parroquia',341),
('General Urdaneta','Parroquia',341),
('Libertador','Parroquia',341),
('Marcelino Briceño','Parroquia',341),
('Pueblo Nuevo','Parroquia',341),
('Manuel Guanipa Matos','Parroquia',341),
('Ambrosio','Parroquia',342),
('Carmen Herrera','Parroquia',342),
('La Rosa','Parroquia',342),
('Germán Ríos Linares','Parroquia',342),
('San Benito','Parroquia',342),
('Rómulo Betancourt','Parroquia',342),
('Jorge Hernández','Parroquia',342),
('Punta Gorda','Parroquia',342),
('Arístides Calvani','Parroquia',342),
('Encontrados','Parroquia',343),
('Udón Pérez','Parroquia',343),
('Moralito','Parroquia',344),
('San Carlos del Zulia','Parroquia',344),
('Santa Cruz del Zulia','Parroquia',344),
('Santa Bárbara','Parroquia',344),
('Urribarrí','Parroquia',344),
('Carlos Quevedo','Parroquia',345),
('Francisco Javier Pulgar','Parroquia',345),
('Simón Rodríguez','Parroquia',345),
('Guamo-Gavilanes','Parroquia',345),
('La Concepción','Parroquia',347),
('San José','Parroquia',347),
('Mariano Parra León','Parroquia',347),
('José Ramón Yépez','Parroquia',347),
('Jesús María Semprún','Parroquia',348),
('Barí','Parroquia',348),
('Concepción','Parroquia',349),
('Andrés Bello','Parroquia',349),
('Chiquinquirá','Parroquia',349),
('El Carmelo','Parroquia',349),
('Potreritos','Parroquia',349),
('Libertad','Parroquia',350),
('Alonso de Ojeda','Parroquia',350),
('Venezuela','Parroquia',350),
('Eleazar López Contreras','Parroquia',350),
('Campo Lara','Parroquia',350),
('Bartolomé de las Casas','Parroquia',351),
('Libertad','Parroquia',351),
('Río Negro','Parroquia',351),
('San José de Perijá','Parroquia',351),
('San Rafael','Parroquia',352),
('La Sierrita','Parroquia',352),
('Las Parcelas','Parroquia',352),
('Luis de Vicente','Parroquia',352),
('Monseñor Marcos Sergio Godoy','Parroquia',352),
('Ricaurte','Parroquia',352),
('Tamare','Parroquia',352),
('Antonio Borjas Romero','Parroquia',353),
('Bolívar','Parroquia',353),
('Cacique Mara','Parroquia',353),
('Carracciolo Parra Pérez','Parroquia',353),
('Cecilio Acosta','Parroquia',353),
('Cristo de Aranza','Parroquia',353),
('Coquivacoa','Parroquia',353),
('Chiquinquirá','Parroquia',353),
('Francisco Eugenio Bustamante','Parroquia',353),
('Idelfonzo Vásquez','Parroquia',353),
('Juana de Ávila','Parroquia',353),
('Luis Hurtado Higuera','Parroquia',353),
('Manuel Dagnino','Parroquia',353),
('Olegario Villalobos','Parroquia',353),
('Raúl Leoni','Parroquia',353),
('Santa Lucía','Parroquia',353),
('Venancio Pulgar','Parroquia',353),
('San Isidro','Parroquia',353),
('Altagracia','Parroquia',354),
('Faría','Parroquia',354),
('Ana María Campos','Parroquia',354),
('San Antonio','Parroquia',354),
('San José','Parroquia',354),
('Donaldo García','Parroquia',355),
('El Rosario','Parroquia',355),
('Sixto Zambrano','Parroquia',355),
('San Francisco','Parroquia',356),
('El Bajo','Parroquia',356),
('Domitila Flores','Parroquia',356),
('Francisco Ochoa','Parroquia',356),
('Los Cortijos','Parroquia',356),
('Marcial Hernández','Parroquia',356),
('Santa Rita','Parroquia',357),
('El Mene','Parroquia',357),
('Pedro Lucas Urribarrí','Parroquia',357),
('José Cenobio Urribarrí','Parroquia',357),
('Rafael Maria Baralt','Parroquia',358),
('Manuel Manrique','Parroquia',358),
('Rafael Urdaneta','Parroquia',358),
('Bobures','Parroquia',359),
('Gibraltar','Parroquia',359),
('Heras','Parroquia',359),
('Monseñor Arturo Álvarez','Parroquia',359),
('Rómulo Gallegos','Parroquia',359),
('El Batey','Parroquia',359),
('Rafael Urdaneta','Parroquia',360),
('La Victoria','Parroquia',360),
('Raúl Cuenca','Parroquia',360),
('Sinamaica','Parroquia',346),
('Alta Guajira','Parroquia',346),
('Elías Sánchez Rubio','Parroquia',346),
('Guajira','Parroquia',347),
('Altagracia','Parroquia',361),
('Antímano','Parroquia',361),
('Caricuao','Parroquia',361),
('Catedral','Parroquia',361),
('Coche','Parroquia',361),
('El Junquito','Parroquia',361),
('El Paraíso','Parroquia',361),
('El Recreo','Parroquia',361),
('El Valle','Parroquia',361),
('La Candelaria','Parroquia',361),
('La Pastora','Parroquia',361),
('La Vega','Parroquia',361),
('Macarao','Parroquia',361),
('San Agustín','Parroquia',361),
('San Bernardino','Parroquia',361),
('San José','Parroquia',361),
('San Juan','Parroquia',361),
('San Pedro','Parroquia',361),
('Santa Rosalía','Parroquia',361),
('Santa Teresa','Parroquia',361),
('Sucre (Catia)','Parroquia',361),
('23 de enero','Parroquia',361);



Insert into tienda_bd(tien_nombre,tien_tipo,cf_tien_lugar) values

('El Cafetal','Mini Candy Shop',972),
('Maracaibo','Mini Candy Shop',353),
('Barquisimeto','Mini Candy Shop',13),
('El Tigre','Mini Candy Shop',960),
('Guanare','Mini Candy Shop',1087),
('Paraguaná','Mini Candy Shop',11),
('Valle la Pascua','Mini Candy Shop',800),
('Urañe', 'Mini Candy Shop',1223),
('San Félix', 'Mini Candy Shop',745),
('Carora', 'Mini Candy Shop',13),
('Acarigua', 'Mini Candy Shop',18),
('Petare', 'Mini Candy Shop',1009),
('Maracay', 'Mini Candy Shop',5),
('Puerto Ordaz', 'Mini Candy Shop',7),
('San Cristobal', 'Mini Candy Shop',1175),
('Los Teques', 'Mini Candy Shop',986),
('Anaco', 'Mini Candy Shop',387),
('San Casimiro', 'Mini Candy Shop',496),
('San Antonio de los Altos','Mini Candy Shop',996),
('Antimano', 'Mini Candy Shop',1479),
('La Guaira', 'Mini Candy Shop',1345),
('Margarita', 'Mini Candy Shop',17),
('Guanta', 'Mini Candy Shop',401),
('Puerto la Cruz','Mini Candy Shop',411),
('Mérida', 'Mini Candy Shop',14),
('Barinas', 'Mini Candy Shop',530),
('tucacas','Mini Candy Shop',740),
('Costa Oriental del Lago','Mini Candy Shop',1386),
('La Victoria','Mini Candy Shop',1472),
('Villa la Cura','Mini Candy Shop',5),
('Ciudad Ojeda','Mini Candy Shop',24),
('CuidadBolivar','Mini Candy Shop',7),
('Barcelona','Mini Candy Shop',2),
('San Fernando de Apure','Mini Candy Shop',4),
('Valencia', 'Mini Candy Shop',116),
('Maiquetia', 'Mini Candy Shop',1347),
('Carupano', 'Mini Candy Shop',19),
('Coro', 'Mini Candy Shop',2),
('Trujillo','Mini Candy Shop',322);


Insert into rol_bd(rol_nombre,rol_descripcion) values

('Comprador','Persona que compra'),
('Empleado','Tabajador de Candy Ucab'),
('Jefe de Pasillo','Encargado del pasillo'),
('Encargado del Diario','Persona que administra el diario'),
('Gerente','Gerente de la tienda'),
('Recursos Humanos','Encargado de los procesos de recursos humanos'),
('Sub Generente','Asistente del gerente'),
('Administrador','Encargador de la página'),
('Finanzas','Encargado de supervisar los movimientos del capital de Candy Ucab'),
('Evaluador','Encargado de evaluar la pagina');

Insert into permiso_bd(perm_accion) values

('Editar Caramelos'),
('Comprar'),
('Editar Darío'),
('Actualizar valor de puntos'),
('Editar Empleados de Candy Ucab');



Insert into permiso_rol(cf_perm_rol_permiso,cf_perm_rol_rol) values

(1,1),
(2,2),
(3,3),
(4,4),
(5,5);

Insert into tipo_bd(tipo_nombre) values

('Normal'),
('Macizo'),
('Con Chicle'),
('Piruleta'),
('Bombón'),
('Gelatina'),
('Algodón de Azúcar'),
('Con Chocolate'),
('De Fruta'),
('De Regaliz'),
('Sin Azúcar'),
('Picantes'),
('Ácidos'),
('Con colorantes que tinten la lengua');


Insert into producto_bd(prod_nombre,prod_descripcion) values

('Chupetas Rimbombin','Caramelo con palo'),
('Ricolin', 'Caramelo de frutas con vitamina C'),
('Los Firi Firi', 'Tabletas sabor a menta'),
('Chupetas de Corazón','Chupetas con forma de un corazón, con sabor a fresa'),
('Los pirulitos', 'Caramelos blandos'),
('Ricura', 'Bola de caramelo picante'),
('El original', 'Caramelos cítricos'),
('Dulcin', 'Caramelos masticables'),
('Choco Candy', 'Caramelos de Chocolate'),
('Blue', 'Caramelos rellenos');

Insert into producto_tipo(Cf_prod_tipo_producto,cf_prod_tipo_tipo,prod_tipo_preciounitario,prod_tipo_imagen) values
(1,3,5000,'Diapositiva1.JPG'),
(2,9,3500,'Diapositiva2.JPG'),
(3,11,4800,'Diapositiva3.JPG'),
(4,2,3500,'Diapositiva4.JPG'),
(5,14,7000,'Diapositiva5.JPG'),
(6,12,5000,'Diapositiva6.JPG'),
(7,1,3500,'Diapositiva7.JPG'),
(8,13,4800,'Diapositiva8.JPG'),
(9,5,3500,'Diapositiva9.JPG'),
(10,4,7000,'Diapositiva10.JPG');

Insert into diario_bd(diar_fechapublicacion,diar_fechafin) values
('2018-05-06', '2018-06-06'),
('2018-07-01', '2018-08-01'),
('2018-03-11', '2018-04-11'),
('2018-07-17', '2018-06-17'),
('2018-01-14', '2018-02-14');

Insert into oferta_bd(ofer_porcentaje, cf_ofer_Prod_tipo,cf_ofer_diario) values
(25,1,1),
(30,2,1),
(45,3,1),
(10,4,1),
(25,5,1),
(50,1,2),
(20,2,2),
(25,3,2),
(35,4,2),
(25,5,2),
(15,1,3),
(05,2,3),
(25,3,3),
(30,4,3),
(35,5,3),
(25,1,4),
(50,2,4),
(05,3,4),
(35,4,4),
(25,5,4),
(05,1,5),
(30,2,5),
(10,3,5),
(25,4,5),
(45,5,5);


Insert into natural_bd(natu_rif,natu_correo,natu_cedula,natu_nombre1,natu_nombre2,natu_apellido1,natu_apellido2,cf_natu_lugar,cf_natu_tienda) values

(256331215,'Jorge@hotmail.com',25633121, 'Jorge', 'Ávila', 'Alvarado', 'Contretas',365,1),
(211852158,'Ada@hotmail.com',21185215, 'Ada', 'Camila', 'Wong', 'Birkin',366,1),
(198251253,'Rosa@hotmail.com',19825125, 'ROSA ', 'MARIA', 'ACIEN', 'ZURUTA ',365,2),
(145325148,'FRANCISCO@hotmail.com',14532514,'FRANCISCO','BERNABE','CASANOVA','Herrera',367,2),
(215258258, 'MARIA @hotmail.com', 21525825, 'MARIA', 'BELEN', 'CAMPOS', 'VIQUE',388,3),
(304677979,'ESPERANZA@hotmail.com',30467797, 'MARIA', 'ESPERANZA','CASAS','GARCIA',367,3),
(002428325,'GALLEGO@hotmail.com',00242832,'MARAI','TISCAR','CASTELLS','GALLEGO',369,4),
(256385215,'ELENA@hotmail.com',25638521,' ELENA','MARIA','CASTILLO','GALDEANO',370,4),
(195821548,'JAVIER@hotmail.com',19582154,'FRANCISCO','JAVIER','CASTILLO','OLLER',371,5),
(125148521,'DOLORES@hotmail.com',12514852,'DOLORES','MARIA','CORDOBA','PASCUAL',372,5),
(195482578,'CARMEN@hotmail.com',19548257,'MARIA','CARMEN','CORTES','AMATE',373,6),
(162548215,'ELVIRA@hotmail.com',16254821,'MARIA','ELVIRA','DE LUNA','BERTOS',374,6),
(169365218,'LOPEZ@hotmail.com',16936521,'MARIA','DOLORES','FERNANDEZ','LOPEZ',375,7),
(174824582,'BELEN@hotmail.com',17482458,'ADELA','BELEN','FUENTES','JUAREZ ',376,7),
(196520002,'LORENA@hotmail.com',19652000, 'MARIA','LORENA','GARCIA','AGUILAR',377,8),
(236250120,'MERCEDES@hotmail.com',23625012,'MARIA','MERCEDES','GARCIA ', 'FERNANDEZ ',378,8),
(142852158,'ELISA@hotmail.com',14285215,'ELISA','ISABEL','GARCIA','MARTINEZ ',379,9),
(145212582,'FRANCISCA@hotmail.com',14521258,'FRANCISCA','NATALIA','GARCIA','SAEZ ',380,9),
(169325845,'ROSARIO@hotmail.com',16932584,'ROSARIO','INMACULADA',' GIMENO','MORA',381,10),
(163232025,'EULOGIO@hotmail.com',16323202,'JOSE','EULOGIO','GODOY','GARCIA',390,10),
(245821523,'CRISTINA@hotmail.com',24582152,'CRISTINA','MARIA','GONZALEZ','MANZANO',391,11),
(196325481,'HERNANDEZ@hotmail.com',19632548,'ROSA','MARIA','HERNANDEZ','BELMONTE',392,11),
(236654821,'MERCEDES@hotmail.com',23665482,'MARIA','MERCEDES','HUERTAS','PEREZ',393,12),
(215824822,'IGLESIAS@hotmail.com',21582482,'FRANCISCO','JAVIER','IGLESIAS','PASTOR',394,12),
(236251254,'NURY@hotmail.com',23625125,'NURY','ESTHER','IRIARTE','CORPAS',395,13),
(215214448,'ANA@hotmail.com',21521444,'ANA','CARMEN','JIMENEZ','MALDONADO',396,13),
(236256125,'ISABEL@hotmail.com',236256125,'ISABEL','MAR','LOZANO','LOPEZ',397,14),
(174452186,'Luis@hotmail.com',17445218,'Luis','FRANCISCO','MALDONADO','MALDONADO',398,14),
(176522154,'ZAIDA@hotmail.com',17652215,'ZAIDA','CONCEPCION','MOLINA','COBO',399,15),
(263255269,'JUAN@hotmail.com',26325526,'JUAN ','JOSE ','MORALES','GARCIA',400,15),
(189525448,'MARIA@hotmail.com',18952544,'MARIA','SOLEDAD','PASCUAL','CABILLAS',401,16),
(189623521,'MONICA@hotmail.com',18962352,'MONICA','MARIA','RODRIGUEZ','GARCIA',402,16),
(175425814,'ISABEL@hotmail.com',17542581,'ISABEL','MARIA','VAZQUEZ','GONGORA',403,17),
(162235125,'MARIA@hotmail.com',16223512,'MARIA','PILAR','YESTE','CORTES',404,17),
(142150002,'JOSE@hotmail.com',14215000,'JOSE','MARIA','SANCHEZ','RAMOS',405,18),
(262415825,'JUAN@hotmail.com',26241582,'JUAN','JOSE','MORALES','GARCIA',406,18),
(256215258,'MORENO@hotmail.com',25621525,'ISABEL',' MARIA','MORENO','ROBLES',407,19),
(287524251,'PILAR@hotmail.com',28752425,'MARIA','PILAR','OÑA','MORALES',408,19),
(312512025,'EULOGIO@hotmail.com',31251202,'JOSE','EULOGIO','GODOY','GARCIA',409,20),
(326582410,'MATURANA@hotmail.com',32658241,'CARMEN','MARIA','MATURANA','LINARES',410,20),
(336258428,'CONSOLACION@hotmail.com',33625842,'CONSOLACION','LUCIA','RODRIGUEZ','MELLADO',411,21),
(336258452,'SOLEDAD@hotmail.com',33625845,'MARIA','SOLEDAD','PASCUAL','CABILLAS',412,21),
(346258215,'FERNANDEZ@hotmail.com',34625821,'MARIA','DOLORES','FERNANDEZ','LOPEZ',413,22),
(356248512,'CRISTINA@hotmail.com',35624851,'CRISTINA','MARIA','GONZALEZ','MANZANO',414,22),
(369521582,'GONZALEZ@hotmail.com',36952158,'MARIA','JESUS','RUEDA','GONZALEZ ',415,23),
(196521584,'FRANCISCO@hotmail.com',19652158,'FRANCISCO','JAVIER','MEDINA','DELGAGO',416,23),
(185425120,'INMACULADA@hotmail.com',18542512,'ROSARIO','INMACULADA','GIMENO','MORA',417,24),
(169582458,'GONZALEZ@hotmail.com',16958245,'JORGE', 'Antonio','GONZALEZ ','NAVAS',418,24),
(256251120,'Iraceli@hotmail.com',25625112,'RAFAEL','Iraceli','LORENTE','MESAS',419,25),
(265320155,'VICTOR@hotmail.com',26532015,'VICTOR','MANUEL','BARBERO','LOPEZ',420,25),
(263258524,'MARIA@hotmail.com',26325852,'ADELA','MARIA','VILLEGAS','BERENGUEL',421,26),
(245821554,'ESTHER@hotmail.com',24582155,'ESTHER','Victoria','ESTEVEZ ','PUGA',422,26),
(265824258,'CAROLINA@hotmail.com',26582425,'BEATRIZ','CAROLINA','GOMEZ',' HERNANDEZ ',423,27),
(275584258,'RODRIGUEZ@hotmail.com',275584258,'JUAN','FRANCISCO','RODRIGUEZ','AGUILERA',424,27),
(265825452,'VILLAREJO@hotmail.com',26582545, 'ISABEL','MARIA','VARGAS','TORRES',425,28),
(236254878,'ANGELA@hotmail.com',23625487,'ANGELA','Ana','VILLAREJO','MACHADO',426,28),
(121524258,'VICENTE@hotmail.com',12152425,'MIGUEL','VICENTE','AGURTO',' ONDOY',427,29),
(263265888,'NELSON@hotmail.com',26326588,'CHRISTIAN','NELSON','ALCALÁ','NEGRÓN',428,29),
(242515788,'MARCO@hotmail.com',24251578,'MARCO','TULIO','ALOCEN','BARRERA',429,30),
(173451258,'RAMIRO@hotmail.com',17345125,'RAMIRO','ALBERTO','ALBERTO','Torres',430,30),
(154628512,'CIELITO@hotmail.com',15462851,'CIELITO','MERCEDES','CALLE','BETANCOURT',431,31),
(145821584,'ISABEL@hotmail.com',14582158,'ISABEL','FLORISA','CARAZA','VILLEGAS',432,31),
(165821582,'MARIBEL@hotmail.com',16582158,'MARIBEL','CORINA','CORTEZ','LOZANO',433,32),
(112512548,'DIAZ@hotmail.com',11251254,'ANA','MARIA','DIAZ','SALINAS',434,32),
(136258425,'VICTORIA@hotmail.com',13625842,'MARLENE','VICTORIA',' GONZALES',' HUILCA',436,33),
(136521584,'GUTIERREZ@hotmail.com',13652158,'JAVIER',null,'GUTIERREZ ',null,437,34),
(162514855,'CLARA@hotmail.com',16251485,'CLARA',null,'GUZMAN', null,438,34),
(175215893,'HECTOR@hotmail.com',17521589,'HECTOR',null,'LUJAN',null,439,35),
(175824553,'JENNY@hotmail.com',17582455,'JENNY',null,'MALLQUI',null,440,35),
(174545158,'ELIZABETH@hotmail.com',17454515,'ELIZABETH',null,'MIGUEL',null,441,36),
(196521825,'ALBERTO@hotmail.com',19652182,'ALBERTO',null,'NUÑEZ',null,442,36),
(362952478,'JOSUE@hotmail.com',36295247,'JOSUE',null,'ORRILLO',null,443,37),
(174582158,'SONIA@hotmail.com',17458215,'SONIA',null,'PRADA',null,444,37),
(252125841,'TERESA@hotmail.com',25212584,'TERESA',null,'RIOS',null,445,38),
(268244125,'ELVIS@hotmail.com',26824412,'ELVIS',null,'RIQUELME',null,446,38),
(301251002,'ROSAS@hotmail.com',30125100,'JOSE',null,'ROSAS',null,447,39),
(315268405,'LUNA@hotmail.com',31526840,'ALBERTO',null,'LUNA',null,448,39);



Insert into juridico_bd(juri_rif,juri_correo,juri_denominacion,juri_razon,juri_paginaweb,juri_capital,cf_juri_lugar_dirfiscal,cf_juri_lugar_dirprincipal,cf_juri_tienda) values

(265215285, 'Mitienda@hotmail.com', '', '', 'www.Mitienda.com',25000000,380,381,1),
(225115295, 'EXOO@hotmail.com', '', '', 'www.EXOO.com',48000000,395,396,1),
(215842558, 'PINCAa@hotmail.com', '', '', 'www.PINCA.com',48251285,410,411,2),
(298542512, 'RIQUI@hotmail.com', '', '', 'www.RIQUI.com',5800200,452,453,2),
(277821854, 'CHIKU@hotmail.com', '', '', 'www.CHIKU.com',48215852,490,491,3),
(231225848, 'RIQUI@hotmail.com', '', '', 'www.RIQUI.com',47200000,574,575,3),
(125482251, 'LALALA@hotmail.com', '', '', 'www.LALALA.com',78200000,600,601,4),
(245812222, 'NOTA@hotmail.com', '', '', 'www.NOTA.com',9800000,603,604,4),
(198254582, 'JULI@hotmail.com', '', '', 'www.JULI.com',100000000,715,716,5),
(196524885, 'NOTA@hotmail.com', '', '', 'www.NOTA.com',7452000,666,667,5),
(145821549, 'OPCO@hotmail.com', '', '', 'www.OPCO.com',100000000,780,781,6),
(174521584, 'ANAK@hotmail.com', '', '', 'www.ANAK.com',7452000,800,801,6),
(198542845, 'CHICHI@hotmail.com', '', '', 'www.CHICHI.com',4580000,824,825,7),
(145215845, 'DULSURA@hotmail.com', '', '', 'www.DULSURA.com',1582400,866,867,7),
(298545845, 'TEQUE@hotmail.com', '', '', 'www.TEQUE.com',142582154,892,893,8),
(154821547, 'MOE@hotmail.com', '', '', 'www.MOE.com',18244820,915,916,8),
(132512548, 'JARAMI@hotmail.com', '', '', 'www.JARAMI.com',985000000,935,936,9),
(17452114, 'KAO@hotmail.com', '', '', 'www.KAO.com',7854000,955,956,9),
(164852154, 'ARYA@hotmail.com', '', '', 'www.ARYA.com',78542100,957,958,10),
(198542152, 'GOT@hotmail.com', '', '', 'www.GOT.com',6250000,844,845,10),
(175421584, 'ARYA@hotmail.com', '', '', 'www.ARYA.com',7850000,1012,1013,11),
(195820000, 'GOT@hotmail.com', '', '', 'www.GOT.com',8541550,1002,1003,11),
(154215210, 'PIRI@hotmail.com', '', '', 'www.PIRI.com',4854000,354,355,12),
(196521540, 'TWD@hotmail.com', '', '', 'www.TWD.com',4850100,412,413,12),
(142511218, 'ONCA@hotmail.com', '', '', 'www.ONCA.com',7450000,418,419,13),
(152482215, 'RICO@hotmail.com', '', '', 'www.ROCO.com',28654000,438,439,13),
(145200005, 'UCA@hotmail.com', '', '', 'www.UCA.com',15472000,532,533,14),
(175421555, 'HOJ@hotmail.com', '', '', 'www.HOJ.com',95145000,584,585,14),
(145215805, 'TELE@hotmail.com', '', '', 'www.TELE.com',19854200,577,578,15),
(112512512, 'CARTE@hotmail.com', '', '', 'www.CARTE.com',174521000,698,699,15),
(174521512, 'PSD@hotmail.com', '', '', 'www.PSD.com',1758420,611,612,16),
(186558215, 'PILA-C@hotmail.com', '', '', 'www.PILA-C.com',1650000,614,615,16),
(123050400, 'CORNETO@hotmail.com', '', '', 'www.CORNETO.com',14520000,673,674,17),
(186521058, 'CHOCO@hotmail.com', '', '', 'www.CHOCHO.com',1965000,713,714,17),
(123521400, 'TRULULU@hotmail.com', '', '', 'www.TRULULU.com',15215210,721,722,18),
(155214125, 'INTER@hotmail.com', '', '', 'www.INTER.com',16520000,766,767,18),
(116542852, 'KASITAS@hotmail.com', '', '', 'www.KASITAS.com',75420000,719,720,19),
(174451102, 'REJOTEL@hotmail.com', '', '', 'www.REJOTEL.com',9999000,841,842,19),
(125158421, 'BOMBONI@hotmail.com', '', '', 'www.BOMBONI.com',7845000,847,848,20),
(154285215, 'BIMBOT@hotmail.com', '', '', 'www.BIMBOT.com', 1520000,901,902,20),
(245821854, 'PINCAa@hotmail.com', '', '', 'www.PINCA.com', 48251285,918,919,21),
(174582211, 'RIQUI@hotmail.com', '', '', 'www.RIQUI.com', 5800200,931,932, 21),
(152425158, 'MARIO@hotmail.com', '', '', 'www.MARIO.com', 7851200,977,978, 22),
(165251284, 'CAMIK@hotmail.com', '', '', 'www.CAMIK.com', 4872102,999,1000, 22),
(175821548, 'ASUKAR@hotmail.com', '', '', 'www.ASUKAR.com', 458645015,370,371, 23),
(186521548, 'BADE-2@hotmail.com', '', '', 'www.BADE-2.com', 78975520,378,379,23),
(198624512, 'MICHE@hotmail.com', '', '', 'www.MICHE.com',4485400,441,442,24),
(201256321, 'AGUAR@hotmail.com', '', '', 'www.AGUAR.com',500000,478,479,24),
(215216478, 'MONKEY@hotmail.com', '', '', 'www.MONKEY.com',6000000,555,556,25),
(223510052, 'DROGO@hotmail.com', '', '', 'www.DROGO.com',1450000,578,579, 25),
(236251258, 'BUTTER@hotmail.com', '', '', 'www.BUTTER.com',15000000,600,601, 26),
(249875212, 'JICHIR@hotmail.com', '', '', 'www.JICHIR.com',1680000,667,668, 26),
(245136695, 'RAMATIS@hotmail.com', '', '', 'www.RAMATIS.com',17885400,778,779, 27),
(256395425, ' UMBRELLA@hotmail.com', '', '', 'www.UMBRELLA.com',1400862100,745,476, 27),
(235210552, 'MSC@hotmail.com', '', '', 'www.MSC.com', 14865400,1004,1005, 28),
(226018254, 'ALONE@hotmail.com', '', '', 'www.ALONE.com', 17824500,965,966, 28),
(263251285, 'MANZAY@hotmail.com', '', '', 'www.MANZAY.com', 4488000,918,919, 29),
(278542154, 'CHUNLI@hotmail.com', '', '', 'www.CHUNLI.com', 14582300,935,936, 29),
(132512025, 'DENADOS@hotmail.com', '', '', 'www.DENADOS.com', 9854510,978,945, 30),
(178521545, 'LLUBIAR@hotmail.com', '', '', 'www.LLUBIAR.com', 125698510,916,918, 30),
(169325115, 'MUQUETE@hotmail.com', '', '', 'www.MUQUETE.com', 12545822,978,979, 31),
(198521522, 'COMPARTY@hotmail.com', '', '', 'www.COMPARTY.com', 99855612,475,476, 31),
(142625825, 'GOOMY@hotmail.com', '', '', 'www.GOOMY.com', 1251666,363,364, 32),
(102513521, 'MACA@hotmail.com', '', '', 'www.MACA.com', 1245820,378,379, 32),
(136295412, 'HORCAL@hotmail.com', '', '', 'www.HORCAL.com', 14582120,425,426, 33),
(145821452, 'MEGA@hotmail.com', '', '', 'www.MEGA.com', 16584520624,624,625, 33),
(135210520, 'PEACH@hotmail.com', '', '', 'www.PEACH.com', 14752150,684,685, 34),
(125125210, 'ESPEJO@hotmail.com', '', '', 'www.ESPEJO.com', 139652120,886,887, 34),
(198251240, 'PUCHILIN@hotmail.com', '', '', 'www.PUCHILIN.com', 12845921,954,955, 35),
(135214250, 'MELUCHA@hotmail.com', '', '', 'www.MELUCHA.com', 12844963,888,889, 35),
(145215203, 'MATEL@hotmail.com', '', '', 'www.MATEL.com', 1652154820,764,765, 36),
(178452120, 'SONY@hotmail.com', '', '', 'www.SONY.com', 128465620,1005,1006, 36),
(165214282, 'JU-GETO@hotmail.com', '', '', 'www.JU-GETO.com', 17452015,764,765, 37),
(136251522, 'MACINO@hotmail.com', '', '', 'www.MACINO.com', 184520025,945,946, 37),
(136985215, 'CINEZO @hotmail.com', '', '', 'www.CINEZO.com', 196352120,611,612, 38),
(148542120, 'DEGUSTO@hotmail.com', '', '', 'www.DEGUSTO.com', 17452018,612,613, 38),
(178452000, 'SABROSO@hotmail.com', '', '', 'www.SABROSO.com', 19332884,695,696, 39),
(195645820, 'AKFA@hotmail.com', '', '', 'www.AKFA.com', 1780548,531,532, 39);




Insert into persona_bd(pers_rif,pers_correo,pers_cedula,pers_nombre1,pers_nombre2,pers_apellido1,pers_apellido2) values

(121524258,'VICENTE@hotmail.com',12152425,'MIGUEL','VICENTE','AGURTO',' ONDOY'),
(169582458,'GONZALEZ@hotmail.com',16958245,'JORGE', 'Antonio','GONZALEZ ','NAVAS'),
(256251120,'Iraceli@hotmail.com',25625112,'RAFAEL','Iraceli','LORENTE','MESAS'),
(265320155,'VICTOR@hotmail.com',26532015,'VICTOR','MANUEL','BARBERO','LOPEZ'),
(263258524,'MARIA@hotmail.com',26325852,'ADELA','MARIA','VILLEGAS','BERENGUEL'),
(245821554,'ESTHER@hotmail.com',24582155,'ESTHER','Victoria','ESTEVEZ ','PUGA'),
(265824258,'CAROLINA@hotmail.com',26582425,'BEATRIZ','CAROLINA','GOMEZ',' HERNANDEZ '),
(275584258,'RODRIGUEZ@hotmail.com',275584258,'JUAN','FRANCISCO','RODRIGUEZ','AGUILERA'),
(265825452,'VILLAREJO@hotmail.com',26582545, 'ISABEL','MARIA','VARGAS','TORRES'),
(236254878,'ANGELA@hotmail.com',23625487,'ANGELA','Ana','VILLAREJO','MACHADO'),
(315268405,'LUNA@hotmail.com',31526840,'ALBERTO',null,'LUNA',null),
(263265888,'NELSON@hotmail.com',26326588,'CHRISTIAN','NELSON','ALCALÁ','NEGRÓN'),
(242515788,'MARCO@hotmail.com',24251578,'MARCO','TULIO','ALOCEN','BARRERA'),
(173451258,'RAMIRO@hotmail.com',17345125,'RAMIRO','ALBERTO','ALBERTO','Torres'),
(154628512,'CIELITO@hotmail.com',15462851,'CIELITO','MERCEDES','CALLE','BETANCOURT'),
(145821584,'ISABEL@hotmail.com',14582158,'ISABEL','FLORISA','CARAZA','VILLEGAS'),
(165821582,'MARIBEL@hotmail.com',16582158,'MARIBEL','CORINA','CORTEZ','LOZANO'),
(112512548,'DIAZ@hotmail.com',11251254,'ANA','MARIA','DIAZ','SALINAS'),
(136258425,'VICTORIA@hotmail.com',13625842,'MARLENE','VICTORIA',' GONZALES',' HUILCA'),
(136521584,'GUTIERREZ@hotmail.com',13652158,'JAVIER',null,'GUTIERREZ ',null),
(162514855,'CLARA@hotmail.com',16251485,'CLARA',null,'GUZMAN', null),
(175215893,'HECTOR@hotmail.com',17521589,'HECTOR',null,'LUJAN',null),
(175824553,'JENNY@hotmail.com',17582455,'JENNY',null,'MALLQUI',null),
(174545158,'ELIZABETH@hotmail.com',17454515,'ELIZABETH',null,'MIGUEL',null),
(196521825,'ALBERTO@hotmail.com',19652182,'ALBERTO',null,'NUÑEZ',null),
(362952478,'JOSUE@hotmail.com',36295247,'JOSUE',null,'ORRILLO',null),
(174582158,'SONIA@hotmail.com',17458215,'SONIA',null,'PRADA',null),
(252125841,'TERESA@hotmail.com',25212584,'TERESA',null,'RIOS',null),
(268244125,'ELVIS@hotmail.com',26824412,'ELVIS',null,'RIQUELME',null),
(301251002,'ROSAS@hotmail.com',30125100,'JOSE',null,'ROSAS',null),
(256331215,'Jorge@hotmail.com',25633121, 'Jorge', 'Ávila', 'Alvarado', 'Contretas'),
(211852158,'Ada@hotmail.com',21185215, 'Ada', 'Camila', 'Wong', 'Birkin'),
(198251253,'Rosa@hotmail.com',19825125, 'ROSA ', 'MARIA', 'ACIEN', 'ZURUTA '),
(145325148,'FRANCISCO@hotmail.com',14532514,'FRANCISCO','BERNABE','CASANOVA','Herrera'),
(215258258,'MARIA @hotmail.com', 21525825, 'MARIA', 'BELEN', 'CAMPOS', 'VIQUE'),
(304677979,'ESPERANZA@hotmail.com',30467797, 'MARIA', 'ESPERANZA','CASAS','GARCIA'),
(002428325,'GALLEGO@hotmail.com',00242832,'MARAI','TISCAR','CASTELLS','GALLEGO'),
(256385215,'ELENA@hotmail.com',25638521,' ELENA','MARIA','CASTILLO','GALDEANO'),
(195821548,'JAVIER@hotmail.com',19582154,'FRANCISCO','JAVIER','CASTILLO','OLLER'),
(125148521,'DOLORES@hotmail.com',12514852,'DOLORES','MARIA','CORDOBA','PASCUAL'),
(195482578,'CARMEN@hotmail.com',19548257,'MARIA','CARMEN','CORTES','AMATE'),
(162548215,'ELVIRA@hotmail.com',16254821,'MARIA','ELVIRA','DE LUNA','BERTOS'),
(169365218,'LOPEZ@hotmail.com',16936521,'MARIA','DOLORES','FERNANDEZ','LOPEZ'),
(174824582,'BELEN@hotmail.com',17482458,'ADELA','BELEN','FUENTES','JUAREZ '),
(196520002,'LORENA@hotmail.com',19652000, 'MARIA','LORENA','GARCIA','AGUILAR'),
(236250120,'MERCEDES@hotmail.com',23625012,'MARIA','MERCEDES','GARCIA ', 'FERNANDEZ '),
(142852158,'ELISA@hotmail.com',14285215,'ELISA','ISABEL','GARCIA','MARTINEZ '),
(145212582,'FRANCISCA@hotmail.com',14521258,'FRANCISCA','NATALIA','GARCIA','SAEZ '),
(169325845,'ROSARIO@hotmail.com',16932584,'ROSARIO','INMACULADA',' GIMENO','MORA'),
(163232025,'EULOGIO@hotmail.com',16323202,'JOSE','EULOGIO','GODOY','GARCIA'),
(245821523,'CRISTINA@hotmail.com',24582152,'CRISTINA','MARIA','GONZALEZ','MANZANO'),
(196325481,'HERNANDEZ@hotmail.com',19632548,'ROSA','MARIA','HERNANDEZ','BELMONTE'),
(236654821,'MERCEDES@hotmail.com',23665482,'MARIA','MERCEDES','HUERTAS','PEREZ'),
(215824822,'IGLESIAS@hotmail.com',21582482,'FRANCISCO','JAVIER','IGLESIAS','PASTOR'),
(236251254,'NURY@hotmail.com',23625125,'NURY','ESTHER','IRIARTE','CORPAS'),
(215214448,'ANA@hotmail.com',21521444,'ANA','CARMEN','JIMENEZ','MALDONADO'),
(236256125,'ISABEL@hotmail.com',236256125,'ISABEL','MAR','LOZANO','LOPEZ'),
(174452186,'Luis@hotmail.com',17445218,'Luis','FRANCISCO','MALDONADO','MALDONADO'),
(176522154,'ZAIDA@hotmail.com',17652215,'ZAIDA','CONCEPCION','MOLINA','COBO'),
(263255269,'JUAN@hotmail.com',26325526,'JUAN ','JOSE ','MORALES','GARCIA'),
(189525448,'MARIA@hotmail.com',18952544,'MARIA','SOLEDAD','PASCUAL','CABILLAS'),
(287524251,'PILAR@hotmail.com',28752425,'MARIA','PILAR','OÑA','MORALES'),
(312512025,'EULOGIO@hotmail.com',31251202,'JOSE','EULOGIO','GODOY','GARCIA'),
(326582410,'MATURANA@hotmail.com',32658241,'CARMEN','MARIA','MATURANA','LINARES'),
(336258428,'CONSOLACION@hotmail.com',33625842,'CONSOLACION','LUCIA','RODRIGUEZ','MELLADO'),
(336258452,'SOLEDAD@hotmail.com',33625845,'MARIA','SOLEDAD','PASCUAL','CABILLAS'),
(346258215,'FERNANDEZ@hotmail.com',34625821,'MARIA','DOLORES','FERNANDEZ','LOPEZ'),
(356248512,'CRISTINA@hotmail.com',35624851,'CRISTINA','MARIA','GONZALEZ','MANZANO'),
(369521582,'GONZALEZ@hotmail.com',36952158,'MARIA','JESUS','RUEDA','GONZALEZ '),
(196521584,'FRANCISCO@hotmail.com',19652158,'FRANCISCO','JAVIER','MEDINA','DELGAGO'),
(185425120,'INMACULADA@hotmail.com',18542512,'ROSARIO','INMACULADA','GIMENO','MORA'),
(189623521,'MONICA@hotmail.com',18962352,'MONICA','MARIA','RODRIGUEZ','GARCIA'),
(175425814,'ISABEL@hotmail.com',17542581,'ISABEL','MARIA','VAZQUEZ','GONGORA'),
(162235125,'MARIA@hotmail.com',16223512,'MARIA','PILAR','YESTE','CORTES'),
(142150002,'JOSE@hotmail.com',14215000,'JOSE','MARIA','SANCHEZ','RAMOS'),
(262415825,'JUAN@hotmail.com',26241582,'JUAN','JOSE','MORALES','GARCIA'),
(256215258,'MORENO@hotmail.com',25621525,'ISABEL',' MARIA','MORENO','ROBLES');




Insert into PersonaContacto_bd (Cf_juri_rif,Cf_pers_rif) values
(265215285,256331215),
(265215285, 198251253),
(225115295,215258258),
(225115295,256385215),
(215842558,125148521),
(215842558,162548215),
(298542512,169365218),
(298542512,169325845),
(277821854,142852158),
(277821854,236654821),
(231225848,174452186),
(231225848,176522154),
(125482251,263255269),
(125482251,189525448),
(245812222,189623521),
(245812222,175425814),
(198254582,162235125),
(198254582,142150002),
(196524885,262415825),
(196524885,256215258),
(145821549,287524251),
(145821549,312512025),
(174521584,326582410),
(174521584,336258428),
(198542845,336258452),
(198542845,346258215),
(145215845,356248512),
(145215845,369521582),
(298545845,196521584),
(298545845,185425120),
(154821547,169582458),
(154821547,256251120),
(132512548,263258524),
(132512548,245821554),
(17452114,265824258),
(17452114,275584258),
(164852154,265825452),
(164852154,236254878),
(198542152,121524258),
(198542152,263265888),
(175421584,242515788),
(175421584,173451258),
(195820000,154628512),
(195820000,145821584),
(154215210,165821582),
(154215210,112512548),
(196521540,136258425),
(196521540,136521584),
(142511218,162514855),
(142511218,175215893),
(152482215,175824553),
(152482215,174545158),
(145200005,196521825),
(145200005,362952478),
(175421555,252125841),
(175421555,268244125),
(145215805,301251002),
(145215805,315268405),
(112512512,196521825),
(112512512,195821548),
(174521512,195482578),
(174521512,162548215),
(186558215,169365218),
(186558215,174824582),
(123050400,145212582),
(123050400,236250120),
(186521058,236654821),
(186521058,245821523),
(123521400,215214448),
(123521400,236256125),
(155214125,189623521),
(155214125,142150002),
(116542852,369521582),
(116542852,356248512),
(174451102,169582458),
(174451102,185425120),
(125158421,265320155),
(125158421,265824258),
(154285215,154628512),
(154285215,242515788),
(245821854,165821582),
(245821854,136258425),
(174582211,162514855),
(174582211,174545158),
(152425158,242515788),
(152425158,154628512),
(165251284,236254878),
(165251284,245821554),
(175821548,169582458),
(175821548, 256251120),
(186521548,245821554),
(186521548,336258452),
(198624512,336258428),
(198624512,312512025),
(201256321,356248512),
(201256321,265825452),
(215216478,165821582),
(215216478,175215893),
(223510052,196521825),
(223510052,301251002),
(236251258,256251120),
(236251258,169582458),
(249875212,356248512),
(249875212,326582410),
(245136695,162235125),
(245136695,189623521),
(256395425,174452186),
(256395425,176522154),
(235210552,189623521),
(235210552,189525448),
(226018254,215824822),
(226018254,236654821),
(263251285,163232025),
(263251285,245821523),
(278542154,145212582),
(278542154,174824582),
(132512025,002428325),
(132512025,256385215),
(178521545,125148521),
(178521545,162548215),
(169325115,236251254),
(169325115,236256125),
(198521522,256331215),
(198521522,215258258),
(142625825,002428325),
(142625825,169365218),
(102513521,196325481),
(102513521,215824822),
(136295412,176522154),
(136295412,189525448),
(145821452,142150002),
(145821452,287524251),
(135210520,336258452),
(135210520,356248512),
(125125210,165821582),
(125125210,136521584),
(198251240,154628512),
(198251240,175215893),
(135214250,174545158),
(135214250,362952478),
(145215203,315268405),
(145215203,356248512),
(178452120,336258452),
(178452120,162235125),
(165214282,262415825),
(165214282,256215258),
(136251522,176522154),
(136251522,189623521),
(136985215,336258428),
(136985215,346258215),
(148542120,196521584),
(148542120,245821554),
(178452000, 121524258),
(178452000,263265888),
(195645820,145821584),
(195645820,362952478);



Insert into tienda_cliente(Cf_Tien_clien_juridico,Cf_Tien_clien_natural,Cf_tien_clien_tienda) values
(265215285,null,12),
(null,256331215,18),
(null,211852158,16),
(225115295,null,9),
(174521584,null,4);

Insert into carnet_bd(carn_codigo ,carn_fecha,cf_carn_tienda_cliente) values
('01-00000001','2018-04-16',1),
('05-00000002','2018-02-18',2),
('06-00000003','2018-01-11',3),
('08-00000007','2018-05-22',4),
('15-00000008','2018-07-19',5);

Insert into empleado_bd(cf_empl_tienda, empl_ci,empl_nombre1,empl_nombre2,    empl_apellido1,    empl_apellido2) values

(1,25601803,'juancito','jose','perez','lopez'),
(1,25648221,'ana','maria','gonzalez','jaramillo'),
(2,24851251,'julia','ana','fox','chang'),
(2,23625482,'king','alex','barrientos','colmenares'),
(3,19542582,'rita','carla','radamez','chambell'),
(3,26528142,'ana','karina','fernandez','agrela'),
(4,18542595,'geyerson','alexander','jaramillo','carrasquel'),
(4,25482125,'alisa','lili','cooper','valera'),
(5,18564228,'kaory','miranda','bolivar','españa'),
(5,15269548,'zafina','alisa','lennox','valentine'),
(6,17458521,'steve','chirs','redfield','stark'),
(6,16251478,'wendy','zoyla','becerra','palma'),
(7,12548525,'christian','nelson','alcalá','negrón'),
(7,25142852,'elizabeth',null,'miguel',null),
(8,17452154,'maria','esperanza','casas','garcia'),
(8,15235482,'ada', 'camila', 'wong', 'birkin'),
(9,16524851,'francisca','natalia','garcia','saez'),
(9,11555245,'jose','eulogio','godoy','garcia'),
(10,14854251,'nury','esther','iriarte','corpas'),
(10,24589564,'isabel','mar','lozano','lopez'),
(11,16524158,'maria','soledad','pascual','cabillas'),
(11,23154258,'jose','maria','sanchez','ramos'),
(12,17452558,'carmen','maria','maturana','linares'),
(12,14152458,'maria','soledad','pascual','cabillas'),
(13,30582142,'christian','nelson','alcalá','negrón'),
(13,22514745,'elizabeth',null,'miguel',null),
(14,14251584,'clara',null,'guzman', null),
(14,26589547,' elena','maria','castillo','galdeano'),
(15,17435415,'francisco','javier','castillo','oller'),
(15,19564857,'francisco','javier','medina','delgago'),
(16,31254844,'isabel','florisa','caraza','villegas'),
(16,23654784,'maria','dolores','fernandez','lopez'),
(17,32654668,'maria','lorena','garcia','aguilar'),
(17,16248541,'cielito','mercedes','calle','betancourt'),
(18,17485415,'rosario','inmaculada','gimeno','mora'),
(18,23695874,'miguel','vicente','agurto',' ondoy'),
(19,26521458,'isabel','mar','lozano','lopez'),
(19,17485412,'isabel','maria','vargas','torres'),
(20,24888745,'rosario','inmaculada','gimeno','mora'),
(20,16854212,'ramiro','alberto','alberto','torres'),
(21,26824158,'jorge', 'antonio','gonzalez ','navas'),
(21,17845224,'luis','francisco','maldonado','maldonado'),
(22,14554258,'juan ','jose ','morales','garcia'),
(22,24666548,'maria','soledad','pascual','cabillas'),
(23,25215458,'isabel','maria','vazquez','gongora'),
(23,23152421,'carmen','maria','maturana','linares'),
(24,30251000,'elvis',null,'riquelme',null),
(24,16542157,'alberto',null,'luna',null),
(25,25000154,'christian','nelson','alcalá','negrón'),
(25,28546521,'angela','ana','villarejo','machado'),
(26,25000000,'beatriz','carolina','gomez',' hernandez '),
(26,15248155,'marco','tulio','alocen','barrera'),
(27,12482158,'rafael','iraceli','lorente','mesas'),
(27,14521584,'jose','eulogio','godoy','garcia'),
(28,12648214,'zaida','concepcion','molina','cobo'),
(28,24581542,'maria','jesus','rueda','gonzalez '),
(29,17452158,'cristina','maria','gonzalez','manzano'),
(29,27584888,'teresa',null,'rios',null),
(30,17451212,'josue',null,'orrillo',null),
(30,26542111,'alberto',null,'nuñez',null),
(31,19546284,'isabel','florisa','caraza','villegas'),
(31,23622524,'ramiro','alberto','alberto','torres'),
(32,26521223,'maribel','corina','cortez','lozano'),
(32,26111254,'victor','manuel','barbero','lopez'),
(33,12518454,'maria','esperanza','casas','garcia'),
(33,26246166,'maria', 'belen', 'campos', 'vique'),
(34,17482548,'rosa ', 'maria', 'acien', 'zuruta '),
(34,23625420,'jenny',null,'mallqui',null),
(35,11521425,'ana','maria','diaz','salinas'),
(35,25148521,'adela','maria','villegas','berengu'),
(36,14751854,'clara',null,'guzman', null),
(36,27444548,'consolacion','lucia','rodriguez',null),
(37,29854218,'monica','maria','rodriguez','garcia'),
(37,18542514,'maria','pilar','oña','morales'),
(38,28546987,'beatriz','carolina','gomez',' hernandez '),
(38,27557777,'juan ','jose ','morales','garcia'),
(39,26396584,'carmen','maria','maturana','linares'),
(39,17452445,'juan','francisco','rodriguez','aguilera');


Insert into Usuario_bd(usua_token,usua_Correo,usua_contraseña,usua_fecharegistro,cf_usua_empleado,cf_usua_juridico,cf_usua_natural,cf_usua_rol) values

('Usu1','Jara@hotmail.com','micontraseñaesjara','2018-01-01',25601803,null,null,2),
('Usu2','Jmi8@hotmail.com','0000','2018-01-02',25648221,null,null,2),
('Usu3','Chip@hotmail.com','0150052','2018-01-03',24851251,null,null,2),
('Usu4','Noname@hotmail.com','098541','2018-01-02',23625482,null,null,2),
('Usu5','PEPE8@hotmail.com','12500','2018-01-03',19542582,null,null,2),
('Usu6','ANAKARI@hotmail.com','256954','2018-01-04',26528142,null,null,2),
('Usu7','Jon7@hotmail.com','1234','2018-01-05',18542595,null,null,2),
('Usu8','Amelia@hotmail.com','5824','2018-01-06',25482125,null,null,2),
('Usu9','Jaramillo8@hotmail.com','04265324','2018-01-07',18564228,null,null,2),
('Usu10','Recuerdo@hotmail.com','5895412','2018-01-08',15269548,null,null,2),
('Usu11','Cercei@hotmail.com','Miclave','2018-01-07',17458521,null,null,2),
('Usu12','Victor@hotmail.com','Harry02','2018-01-05',16251478,null,null,2),
('Usu13','Peter@hotmail.com','IronStar','2018-01-01',12548525,null,null,2),
('Usu14','Franco@hotmail.com','521400','2018-01-04',25142852,null,null,2),
('Usu15','Jaime@hotmail.com','02580','2018-01-06',17452154,null,null,2),
('Usu16','Carmen@hotmail.com','045582','2018-01-08',15235482,null,null,2),
('Usu17','Sr_Dulce@hotmail.com','Sabroso','2018-01-04',16524851,null,null,2),
('Usu18','Mariela@hotmail.com','0424','2018-01-02',11555245,null,null,2),
('Usu19','Leydy@hotmail.com','041523','2018-01-11',14854251,null,null,2),
('Usu20','Leyner@hotmail.com','0505','2018-01-13',24589564,null,null,2),
('Usu21','Totomix@hotmail.com','09312','2018-01-14',16524158,null,null,2),
('Usu22','Snake@hotmail.com','Code8','2018-01-07',23154258,null,null,2),
('Usu23','Sebastian@hotmail.com','Seb','2018-01-15',17452558,null,null,2),
('Usu24','Leycari@hotmail.com','093251','2018-01-03',14152458,null,null,2),
('Usu25','Nimeria@hotmail.com','04656','2018-01-07',30582142,null,null,2),
('Usu26','Parca@hotmail.com','DeadDead','2018-01-08',22514745,null,null,2),
('Usu27','Jesus@hotmail.com','Pazy88','2018-01-13',14251584,null,null,2),
('Usu28','JJ@hotmail.com','05214','2018-01-17',26589547,null,null,2),
('Usu29','Luz@hotmail.com','3210','2018-01-04',17435415,null,null,2),
('Usu30','Estado@hotmail.com','0594','2018-01-12',19564857,null,null,2),
('Usu31','Termina@hotmail.com','2568','2018-01-18',31254844,null,null,2),
('Usu32','Yoyo@hotmail.com','9654','2018-01-20',23654784,null,null,2),
('Usu33','Romero@hotmail.com','482','2018-01-21',32654668,null,null,2),
('Usu34','Ocaplus@hotmail.com','52642','2018-01-14',16248541,null,null,2),
('Usu35','Tremor@hotmail.com','65482','2018-01-16',17485415,null,null,2),
('Usu36','Raiza@hotmail.com','65824','2018-01-17',23695874,null,null,2),
('Usu37','Lismary@hotmail.com','236954','2018-01-18',26521458,null,null,2),
('Usu38','Soul@hotmail.com','SoulCode','2018-01-18',17485412,null,null,2),
('Usu39','Renzo@hotmail.com','01251','2018-01-19',24888745,null,null,2),
('Usu40','Ivy@hotmail.com','valentine','2018-01-20',16854212,null,null,2),
('Usu41','Mi-Mina@hotmail.com','041582','2018-01-23',26824158,null,null,2),
('Usu42','Sorpresa@hotmail.com','Asombro','2018-01-24',17845224,null,null,2),
('Usu43','Peleador@hotmail.com','23485','2018-01-13',14554258,null,null,2),
('Usu44','Chismoso@hotmail.com','545889','2018-01-20',24666548,null,null,2),
('Usu45','Usuario@hotmail.com','548912','2018-01-24',25215458,null,null,2),
('Usu46','Geyerson_jc@hotmail.com','23488','2018-01-15',23152421,null,null,2),
('Usu47','Carrasquel@hotmail.com','13486','2018-01-25',30251000,null,null,2),
('Usu48','Alexander@hotmail.com','123486','2018-01-26',16542157,null,null,2),
('Usu49','Mixto@hotmail.com','64897','2018-01-27',25000154,null,null,2),
('Usu50','Partida@hotmail.com','1111','2018-01-28',28546521,null,null,2),
('Usu51','SXO@hotmail.com','2222','2018-01-29',25000000,null,null,2),
('Usu52','casa@hotmail.com','3333','2018-01-17',15248155,null,null,2),
('Usu53','perro@hotmail.com','4444','2018-01-16',12482158,null,null,2),
('Usu54','gato@hotmail.com','5555','2018-01-14',14521584,null,null,2),
('Usu55','poca@hotmail.com','6666','2018-01-12',12648214,null,null,2),
('Usu56','azucar@hotmail.com','7777','2018-01-13',24581542,null,null,2),
('Usu57','ronco@hotmail.com','8888','2018-01-14',17452158,null,null,2),
('Usu58','lalo@hotmail.com','9999','2018-01-15',27584888,null,null,2),
('Usu59','lili@hotmail.com','1010','2018-01-04',17451212,null,null,2),
('Usu60','tco@hotmail.com','1121','2018-01-25',26542111,null,null,2),
('Usu61','3000@hotmail.com','aa11','2018-01-04',19546284,null,null,2),
('Usu62','Esparta@hotmail.com','abcd','2018-01-16',23622524,null,null,2),
('Usu63','Narco@hotmail.com','basedatos','2018-01-04',26521223,null,null,2),
('Usu64','Paco@hotmail.com','group by','2018-01-17',26111254,null,null,2),
('Usu65','Integral@hotmail.com','informatica','2018-01-17',12518454,null,null,2),
('Usu66','Mai@hotmail.com','1728','2018-01-04',26246166,null,null,2),
('Usu67','Mio@hotmail.com','37678','2018-01-04',17482548,null,null,2),
('Usu68','Secreto@hotmail.com','5397','2018-01-14',23625420,null,null,2),
('Usu69','Pin@hotmail.com','38975','2018-01-14',11521425,null,null,2),
('Usu70','Marco@hotmail.com','23497','2018-01-14',25148521,null,null,2),
('Usu71','Margo@hotmail.com','3489','2018-01-04',14751854,null,null,2),
('Usu72','Usu72@hotmail.com','64897','2018-01-25',27444548,null,null,2),
('Usu73','Usu73@hotmail.com','micontraseñaesjara','2018-01-01',null,265215285,null,1),
('Usu74','Usu74@hotmail.com','0000','2018-01-02',null,265215285,null,1),
('Usu75','Usu75@hotmail.com','0150052','2018-01-03',null,225115295,null,1),
('Usu76','Usu76@hotmail.com','098541','2018-01-02',null,225115295,null,1),
('Usu77','Usu77@hotmail.com','12500','2018-01-03',null,215842558,null,1),
('Usu78','Usu78@hotmail.com','256954','2018-01-04',null,215842558,null,1),
('Usu79','Usu79@hotmail.com','1234','2018-01-05',null,298542512,null,1),
('Usu80','Usu80@hotmail.com','5824','2018-01-06',null,298542512,null,1),
('Usu81','Usu81@hotmail.com','04265324','2018-01-07',null,277821854,null,1),
('Usu82','Usu82@hotmail.com','5895412','2018-01-08',null,277821854,null,1),
('Usu83','Usu83@hotmail.com','Miclave','2018-01-07',null,231225848,null,1),
('Usu84','Usu84@hotmail.com','Harry02','2018-01-05',null,231225848,null,1),
('Usu85','Usu85@hotmail.com','IronStar','2018-01-01',null,125482251,null,1),
('Usu86','Usu86@hotmail.com','521400','2018-01-04',null,125482251,null,1),
('Usu87','Usu87@hotmail.com','02580','2018-01-06',null,245812222,null,2),
('Usu88','Usu88@hotmail.com','045582','2018-01-08',null,245812222,null,1),
('Usu89','Usu89@hotmail.com','Sabroso','2018-01-04',null,198254582,null,1),
('Usu90','Usu90@hotmail.com','0424','2018-01-02',null,198254582,null,1),
('Usu91','Usu91@hotmail.com','041523','2018-01-11',null,196524885,null,1),
('Usu92','Usu92@hotmail.com','0505','2018-01-13',null,196524885,null,1),
('Usu93','Usu93@hotmail.com','09312','2018-01-14',null,145821549,null,1),
('Usu94','Usu94@hotmail.com','Code8','2018-01-07',null,145821549,null,1),
('Usu95','Usu95@hotmail.com','Seb','2018-01-15',null,174521584,null,1),
('Usu96','Usu96@hotmail.com','093251','2018-01-03',null,174521584,null,1),
('Usu97','Usu97@hotmail.com','04656','2018-01-07',null,198542845,null,1),
('Usu98','Usu98@hotmail.com','DeadDead','2018-01-08',null,198542845,null,1),
('Usu99','Usu99@hotmail.com','Pazy88','2018-01-13',null,145215845,null,1),
('Usu100','Usu100@hotmail.com','05214','2018-01-17',null,145215845,null,1),
('Usu101','Usu101@hotmail.com','3210','2018-01-04',null,298545845,null,1),
('Usu102','Usu102@hotmail.com','0594','2018-01-12',null,298545845,null,1),
('Usu103','Usu103@hotmail.com','2568','2018-01-18',null,154821547,null,1),
('Usu104','Usu104@hotmail.com','9654','2018-01-20',null,154821547,null,1),
('Usu105','Usu105@hotmail.com','482','2018-01-21',null,132512548,null,2),
('Usu106','Usu106@hotmail.com','52642','2018-01-14',null,132512548,null,1),
('Usu107','Usu107@hotmail.com','65482','2018-01-16',null,17452114,null,1),
('Usu108','Usu108@hotmail.com','65824','2018-01-17',null,17452114,null,1),
('Usu109','Usu109@hotmail.com','236954','2018-01-18',null,164852154,null,1),
('Usu110','Usu110@hotmail.com','SoulCode','2018-01-18',null,164852154,null,1),
('Usu111','Usu111@hotmail.com','01251','2018-01-19',null,198542152,null,1),
('Usu112','Usu112@hotmail.com','valentine','2018-01-20',null,198542152,null,1),
('Usu113','Usu113@hotmail.com','041582','2018-01-23',null,175421584,null,1),
('Usu114','Usu114@hotmail.com','Asombro','2018-01-24',null,175421584,null,1),
('Usu115','Usu115@hotmail.com','23485','2018-01-13',null,195820000,null,1),
('Usu116','Usu116@hotmail.com','545889','2018-01-20',null,195820000,null,1),
('Usu117','Usu117@hotmail.com','548912','2018-01-24',null,154215210,null,1),
('Usu118','Usu118@hotmail.com','23488','2018-01-15',null,154215210,null,1),
('Usu119','Usu119@hotmail.com','13486','2018-01-25',null,196521540,null,1),
('Usu120','Usu120@hotmail.com','123486','2018-01-26',null,196521540,null,1),
('Usu121','Usu121@hotmail.com','64897','2018-01-27',null,142511218,null,1),
('Usu122','Usu122@hotmail.com','1111','2018-01-28',null,142511218,null,1),
('Usu123','Usu123@hotmail.com','2222','2018-01-29',null,152482215,null,1),
('Usu124','Usu124@hotmail.com','3333','2018-01-17',null,152482215,null,1),
('Usu125','Usu125@hotmail.com','4444','2018-01-16',null,145200005,null,1),
('Usu126','Usu126@hotmail.com','5555','2018-01-14',null,145200005,null,1),
('Usu127','Usu127@hotmail.com','6666','2018-01-12',null,175421555,null,1),
('Usu128','Usu128@hotmail.com','7777','2018-01-13',null,175421555,null,1),
('Usu129','Usu129@hotmail.com','8888','2018-01-14',null,145215805,null,1),
('Usu130','Usu130@hotmail.com','9999','2018-01-15',null,145215805,null,1),
('Usu131','Usu131@hotmail.com','1010','2018-01-04',null,112512512,null,1),
('Usu132','Usu132@hotmail.com','1121','2018-01-25',null,112512512,null,1),
('Usu133','Usu133@hotmail.com','aa11','2018-01-04',null,174521512,null,1),
('Usu134','Usu134@hotmail.com','abcd','2018-01-16',null,174521512,null,1),
('Usu135','Usu135@hotmail.com','basedatos','2018-01-04',null,186558215,null,1),
('Usu136','Usu136@hotmail.com','group by','2018-01-17',null,186558215,null,1),
('Usu137','Usu137@hotmail.com','informatica','2018-01-17',null,123050400,null,1),
('Usu138','Usu138@hotmail.com','1728','2018-01-04',null,123050400,null,1),
('Usu139','Usu139@hotmail.com','37678','2018-01-04',null,186521058,null,1),
('Usu140','Usu140@hotmail.com','5397','2018-01-14',null,186521058,null,1),
('Usu141','Usu141@hotmail.com','38975','2018-01-14',null,123521400,null,1),
('Usu142','Usu142@hotmail.com','23497','2018-01-14',null,123521400,null,1),
('Usu143','Usu143@hotmail.com','3489','2018-01-04',null,155214125,null,1),
('Usu144','Usu144@hotmail.com','64897','2018-01-25',null,155214125,null,2),
('Usu145','Usu145@hotmail.com','0000','2018-01-02',null,116542852,null,1),
('Usu146','Usu146@hotmail.com','0150052','2018-01-03',null,116542852,null,1),
('Usu147','Usu147@hotmail.com','098541','2018-01-02',null,174451102,null,1),
('Usu148','Usu148@hotmail.com','12500','2018-01-03',null,174451102,null,1),
('Usu149','Usu149@hotmail.com','256954','2018-01-04',null,125158421,null,1),
('Usu150','Usu150@hotmail.com','1234','2018-01-05',null,125158421,null,1),
('Usu151','Usu151@hotmail.com','5824','2018-01-06',null,154285215,null,1),
('Usu152','Usu152@hotmail.com','04265324','2018-01-07',null,154285215,null,1),
('Usu153','Usu153@hotmail.com','5895412','2018-01-08',null,245821854,null,1),
('Usu154','Usu154@hotmail.com','Miclave','2018-01-07',null,245821854,null,1),
('Usu155','Usu155@hotmail.com','Harry02','2018-01-05',null,174582211,null,1),
('Usu156','Usu156@hotmail.com','IronStar','2018-01-01',null,174582211,null,1),
('Usu157','Usu157@hotmail.com','521400','2018-01-04',null,152425158,null,1),
('Usu158','Usu158@hotmail.com','02580','2018-01-06',null,152425158,null,2),
('Usu159','Usu159@hotmail.com','045582','2018-01-08',null,165251284,null,1),
('Usu160','Usu160@hotmail.com','Sabroso','2018-01-04',null,165251284,null,1),
('Usu161','Usu161@hotmail.com','0424','2018-01-02',null,175821548,null,1),
('Usu162','Usu162@hotmail.com','041523','2018-01-11',null,175821548,null,1),
('Usu163','Usu163@hotmail.com','0505','2018-01-13',null,186521548,null,1),
('Usu164','Usu164@hotmail.com','09312','2018-01-14',null,186521548,null,1),
('Usu165','Usu165@hotmail.com','Code8','2018-01-07',null,198624512,null,1),
('Usu166','Usu166@hotmail.com','Seb','2018-01-15',null,198624512,null,1),
('Usu167','Usu167@hotmail.com','093251','2018-01-03',null,201256321,null,1),
('Usu168','Usu168@hotmail.com','04656','2018-01-07',null,201256321,null,1),
('Usu169','Usu169@hotmail.com','DeadDead','2018-01-08',null,215216478,null,1),
('Usu170','Usu170@hotmail.com','Pazy88','2018-01-13',null,215216478,null,1),
('Usu171','Usu171@hotmail.com','05214','2018-01-17',null,223510052,null,1),
('Usu172','Usu172@hotmail.com','3210','2018-01-04',null,223510052,null,1),
('Usu173','Usu173@hotmail.com','0594','2018-01-12',null,236251258,null,1),
('Usu174','Usu174@hotmail.com','2568','2018-01-18',null,236251258,null,1),
('Usu175','Usu175@hotmail.com','9654','2018-01-20',null,236251258,null,1),
('Usu176','Usu176@hotmail.com','482','2018-01-21',null,236251258,null,2),
('Usu177','Usu177@hotmail.com','52642','2018-01-14',null,245136695,null,1),
('Usu178','Usu178@hotmail.com','65482','2018-01-16',null,245136695,null,1),
('Usu179','Usu179@hotmail.com','65824','2018-01-17',null,256395425,null,1),
('Usu180','Usu180@hotmail.com','236954','2018-01-18',null,256395425,null,1),
('Usu181','Usu181@hotmail.com','SoulCode','2018-01-18',null,235210552,null,1),
('Usu182','Usu182@hotmail.com','01251','2018-01-19',null,235210552,null,1),
('Usu183','Usu183@hotmail.com','valentine','2018-01-20',null,226018254,null,1),
('Usu184','Usu184@hotmail.com','041582','2018-01-23',null,226018254,null,1),
('Usu185','Usu185@hotmail.com','Asombro','2018-01-24',null,263251285,null,1),
('Usu186','Usu186@hotmail.com','23485','2018-01-13',null,263251285,null,1),
('Usu187','Usu187@hotmail.com','545889','2018-01-20',null,278542154,null,1),
('Usu188','Usu188@hotmail.com','548912','2018-01-24',null,278542154,null,1),
('Usu189','Usu189@hotmail.com','23488','2018-01-15',null,132512025,null,1),
('Usu190','Usu190@hotmail.com','13486','2018-01-25',null,132512025,null,1),
('Usu191','Usu191@hotmail.com','123486','2018-01-26',null,178521545,null,1),
('Usu192','Usu192@hotmail.com','64897','2018-01-27',null,178521545,null,1),
('Usu193','Usu193@hotmail.com','1111','2018-01-28',null,169325115,null,1),
('Usu194','Usu194@hotmail.com','2222','2018-01-29',null,169325115,null,1),
('Usu195','Usu195@hotmail.com','3333','2018-01-17',null,198521522,null,1),
('Usu196','Usu196@hotmail.com','4444','2018-01-16',null,198521522,null,1),
('Usu197','Usu197@hotmail.com','5555','2018-01-14',null,142625825,null,1),
('Usu198','Usu198@hotmail.com','6666','2018-01-12',null,142625825,null,1),
('Usu199','Usu199@hotmail.com','7777','2018-01-13',null,102513521,null,1),
('Usu200','Usu200@hotmail.com','8888','2018-01-14',null,102513521,null,1),
('Usu201','Usu201@hotmail.com','9999','2018-01-15',null,136295412,null,1),
('Usu202','Usu202@hotmail.com','1010','2018-01-04',null,136295412,null,1),
('Usu203','Usu203@hotmail.com','1121','2018-01-25',null,145821452,null,1),
('Usu204','Usu204@hotmail.com','aa11','2018-01-04',null,145821452,null,1),
('Usu205','Usu205@hotmail.com','abcd','2018-01-16',null,135210520,null,1),
('Usu206','Usu206@hotmail.com','basedatos','2018-01-04',null,135210520,null,1),
('Usu207','Usu207@hotmail.com','group by','2018-01-17',null,125125210,null,1),
('Usu208','Usu208@hotmail.com','informatica','2018-01-17',null,125125210,null,1),
('Usu209','Usu209@hotmail.com','1728','2018-01-04',null,198251240,null,1),
('Usu210','Usu21@hotmail.com','37678','2018-01-04',null,198251240,null,1),
('Usu211','Usu211@hotmail.com','5397','2018-01-14',null,135214250,null,1),
('Usu212','Usu212@hotmail.com','38975','2018-01-14',null,135214250,null,1),
('Usu213','Usu213@hotmail.com','23497','2018-01-14',null,145215203,null,1),
('Usu214','Usu214@hotmail.com','3489','2018-01-04',null,145215203,null,1),
('Usu215','Usu215@hotmail.com','64897','2018-01-25',null,178452120,null,1),
('Usu216','Usu216@hotmail.com','micontraseñaesjara','2018-01-01',null,178452120,null,1),
('Usu300','Usu300@hotmail.com','5397','2018-01-14',null,165214282,null,1),
('Usu301','Usu301@hotmail.com','38975','2018-01-14',null,165214282,null,1),
('Usu302','Usu302@hotmail.com','23497','2018-01-14',null,136251522,null,1),
('Usu303','Usu303@hotmail.com','3489','2018-01-04',null,136251522,null,1),
('Usu304','Usu304@hotmail.com','64897','2018-01-25',null,136985215,null,1),
('Usu305','Usu305@hotmail.com','micontraseñaesjara','2018-01-01',null,136985215,null,1),
('Usu306','Usu306@hotmail.com','3489','2018-01-04',null,148542120,null,1),
('Usu307','Usu307@hotmail.com','64897','2018-01-25',null,148542120,null,1),
('Usu308','Usu308@hotmail.com','micontraseñaesjara','2018-01-01',null,178452000,null,1),
('Usu309','Usu309@hotmail.com','3489','2018-01-04',null,178452000,null,1),
('Usu310','Usu310@hotmail.com','64897','2018-01-25',null,195645820,null,1),
('Usu311','Usu311@hotmail.com','micontraseñaesjara','2018-01-01',null,195645820,null,1),
('Usus217','Usus217@hotmail.com','micontraseñaesjara','2018-01-01',null,null,256331215,1),
('Usu218','Usu218@hotmail.com','0000','2018-01-02',null,null,211852158,1),
('Usu219','Usu219@hotmail.com','0150052','2018-01-03',null,null,198251253,1),
('Usu220','Usu220@hotmail.com','098541','2018-01-02',null,null,145325148,1),
('Usu221','Usu221@hotmail.com','12500','2018-01-03',null,null,215258258,1),
('Usu222','Usu222@hotmail.com','256954','2018-01-04',null,null,304677979,1),
('Usu223','Usu223@hotmail.com','1234','2018-01-05',null,null,002428325,1),
('Usu224','Usu224@hotmail.com','5824','2018-01-06',null,null,256385215,1),
('Usu225','Usu225@hotmail.com','04265324','2018-01-07',null,null,195821548,1),
('Usu226','Usu226@hotmail.com','5895412','2018-01-08',null,null,125148521,1),
('Usu227','Usu227@hotmail.com','Miclave','2018-01-07',null,null,195482578,1),
('Usu228','Usu228@hotmail.com','Harry02','2018-01-05',null,null,162548215,1),
('Usu229','Usu229@hotmail.com','IronStar','2018-01-01',null,null,169365218,1),
('Usu230','Usu230@hotmail.com','521400','2018-01-04',null,null,174824582,1),
('Usu231','Usu231@hotmail.com','02580','2018-01-06',null,null,196520002,2),
('Usu232','Usu232@hotmail.com','045582','2018-01-08',null,null,236250120,1),
('Usu233','Usu233@hotmail.com','Sabroso','2018-01-04',null,null,142852158,1),
('Usu234','Usu234@hotmail.com','0424','2018-01-02',null,null,145212582,1),
('Usu235','Usu235@hotmail.com','041523','2018-01-11',null,null,169325845,1),
('Usu236','Usu236@hotmail.com','0505','2018-01-13',null,null,163232025,1),
('Usu237','Usu237@hotmail.com','09312','2018-01-14',null,null,245821523,1),
('Usu238','Usu238@hotmail.com','Code8','2018-01-07',null,null,196325481,1),
('Usu239','Usu239@hotmail.com','Seb','2018-01-15',null,null,236654821,1),
('Usu240','Usu240@hotmail.com','093251','2018-01-03',null,null,215824822,1),
('Usu241','Usu241@hotmail.com','04656','2018-01-07',null,null,236251254,1),
('Usu242','Usu242@hotmail.com','DeadDead','2018-01-08',null,null,215214448,1),
('Usu243','Usu243@hotmail.com','Pazy88','2018-01-13',null,null,236256125,1),
('Usu244','Usu244@hotmail.com','05214','2018-01-17',null,null,174452186,1),
('Usu245','Usu245@hotmail.com','3210','2018-01-04',null,null,176522154,1),
('Usu246','Usu246@hotmail.com','0594','2018-01-12',null,null,263255269,1),
('Usu247','Usu247@hotmail.com','2568','2018-01-18',null,null,189525448,1),
('Usu248','Usu248@hotmail.com','9654','2018-01-20',null,null,189623521,1),
('Usu249','Usu249@hotmail.com','482','2018-01-21',null,null,175425814,2),
('Usu250','Usu250@hotmail.com','52642','2018-01-14',null,null,162235125,1),
('Usu251','Usu251@hotmail.com','65482','2018-01-16',null,null,142150002,1),
('Usu252','Usu252@hotmail.com','65824','2018-01-17',null,null,262415825,1),
('Usu253','Usu253@hotmail.com','236954','2018-01-18',null,null,256215258,1),
('Usu254','Usu254@hotmail.com','SoulCode','2018-01-18',null,null,287524251,1),
('Usu255','Usu255@hotmail.com','01251','2018-01-19',null,null,312512025,1),
('Usu256','Usu256@hotmail.com','valentine','2018-01-20',null,null,326582410,1),
('Usu257','Usu257@hotmail.com','041582','2018-01-23',null,null,336258428,1),
('Usu258','Usu258@hotmail.com','Asombro','2018-01-24',null,null,336258428,1),
('Usu259','Usu259@hotmail.com','23485','2018-01-13',null,null,336258428,1),
('Usu260','Usu260@hotmail.com','545889','2018-01-20',null,null,346258215,1),
('Usu261','Usu261@hotmail.com','548912','2018-01-24',null,null,346258215,1),
('Usu262','Usu262@hotmail.com','23488','2018-01-15',null,null,356248512,1),
('Usu263','Usu263@hotmail.com','13486','2018-01-25',null,null,356248512,1),
('Usu264','Usu264@hotmail.com','123486','2018-01-26',null,null,369521582,1),
('Usu265','Usu265@hotmail.com','64897','2018-01-27',null,null,369521582,1),
('Usu266','Usu266@hotmail.com','1111','2018-01-28',null,null,196521584,1),
('Usu267','Usu267@hotmail.com','2222','2018-01-29',null,null,196521584,1),
('Usu268','Usu268@hotmail.com','3333','2018-01-17',null,null,185425120,1),
('Usu269','Usu269@hotmail.com','4444','2018-01-16',null,null,185425120,1),
('Usu270','Usu270@hotmail.com','5555','2018-01-14',null,null,169582458,1),
('Usu271','Usu271@hotmail.com','6666','2018-01-12',null,null,169582458,1),
('Usu272','Usu272@hotmail.com','7777','2018-01-13',null,null,256251120,1),
('Usu273','Usu273@hotmail.com','8888','2018-01-14',null,null,256251120,1),
('Uus274','Uus274@hotmail.com','9999','2018-01-15',null,null,265320155,1),
('Usu275','Usu275@hotmail.com','1010','2018-01-04',null,null,265320155,1),
('Usu276','Usu276@hotmail.com','1121','2018-01-25',null,null,263258524,1),
('Usu277','Usu277@hotmail.com','aa11','2018-01-04',null,null,263258524,1),
('Usu278','Usu278@hotmail.com','abcd','2018-01-16',null,null,245821554,1),
('Usu279','Usu279@hotmail.com','basedatos','2018-01-04',null,null,245821554,1),
('Usu280','Usu280@hotmail.com','group by','2018-01-17',null,null,265824258,1),
('Usu281','Usu281@hotmail.com','informatica','2018-01-17',null,null,265824258,1),
('Usu282','Usu282@hotmail.com','1728','2018-01-04',null,null,275584258,1),
('Usu283','Usu283@hotmail.com','37678','2018-01-04',null,null,275584258,1),
('Usu284','Usu284@hotmail.com','5397','2018-01-14',null,null,265825452,1),
('Usu285','Usu285@hotmail.com','38975','2018-01-14',null,null,265825452,1),
('Usu286','Usu286@hotmail.com','23497','2018-01-14',null,null,236254878,1),
('Usu287','Usu287@hotmail.com','3489','2018-01-04',null,null,236254878,1),
('Usu288','Usu288@hotmail.com','64897','2018-01-25',null,null,121524258,2),
('Usu289','Usu289@hotmail.com','0000','2018-01-02',null,null,121524258,1),
('Usu290','Usu290@hotmail.com','0150052','2018-01-03',null,null,263265888,1),
('Usu291','Usu291@hotmail.com','098541','2018-01-02',null,null,263265888,1),
('Usu292','Usu292@hotmail.com','12500','2018-01-03',null,null,242515788,1),
('Usu293','Usu293@hotmail.com','256954','2018-01-04',null,null,242515788,1),
('Usu294','Usu294@hotmail.com','1234','2018-01-05',null,null,173451258,1),
('Usu295','Usu295@hotmail.com','5824','2018-01-06',null,null,173451258,1),
('Usu296','Usu296@hotmail.com','04265324','2018-01-07',null,null,154628512,1),
('Usu297','Usu297@hotmail.com','5895412','2018-01-08',null,null,154628512,1),
('Usu298','Usu298@hotmail.com','Miclave','2018-01-07',null,null,145821584,1),
('Usu299','Usu299@hotmail.com','Harry02','2018-01-05',null,null,145821584,1),
('Usu330','Usu230@hotmail.com','IronStar','2018-01-01',null,null,165821582,1),
('Usu331','Usu231@hotmail.com','521400','2018-01-04',null,null,165821582,1),
('Usu332','Usu232@hotmail.com','02580','2018-01-06',null,null,112512548,2),
('Usu333','Usu233@hotmail.com','045582','2018-01-08',null,null,112512548,1),
('Usu334','Usu234@hotmail.com','Sabroso','2018-01-04',null,null,136258425,1),
('Usu335','Usu235@hotmail.com','0424','2018-01-02',null,null,136258425,1),
('Usu336','Usu236@hotmail.com','041523','2018-01-11',null,null,136521584,1),
('Usu337','Usu237@hotmail.com','0505','2018-01-13',null,null,136521584,1),
('Usu338','Usu238@hotmail.com','09312','2018-01-14',null,null,162514855,1),
('Usu339','Usu239@hotmail.com','Code8','2018-01-07',null,null,162514855,1),
('Usu340','Usu240@hotmail.com','Seb','2018-01-15',null,null,175215893,1),
('Usu341','Usu241@hotmail.com','093251','2018-01-03',null,null,175215893,1),
('Usu342','Usu242@hotmail.com','04656','2018-01-07',null,null,175824553,1),
('Usu343','Usu243@hotmail.com','DeadDead','2018-01-08',null,null,175824553,1),
('Usu344','Usu244@hotmail.com','Pazy88','2018-01-13',null,null,174545158,1),
('Usu345','Usu245@hotmail.com','05214','2018-01-17',null,null,174545158,1),
('Usu346','Usu246@hotmail.com','3210','2018-01-04',null,null,196521825,1),
('Usu347','Usu247@hotmail.com','0594','2018-01-12',null,null,196521825,1),
('Usu348','Usu248@hotmail.com','2568','2018-01-18',null,null,362952478,1),
('Usu349','Usu249@hotmail.com','9654','2018-01-20',null,null,362952478,1),
('Usu350','Usu250@hotmail.com','482','2018-01-21',null,null,174582158,2),
('Usu351','Usu251@hotmail.com','52642','2018-01-14',null,null,174582158,1),
('Usu352','Usu252@hotmail.com','65482','2018-01-16',null,null,252125841,1),
('Usu353','Usu253@hotmail.com','65824','2018-01-17',null,null,252125841,1),
('Usu354','Usu254@hotmail.com','236954','2018-01-18',null,null,268244125,1),
('Usu355','Usu255@hotmail.com','SoulCode','2018-01-18',null,null,268244125,1),
('Usu356','Usu256@hotmail.com','01251','2018-01-19',null,null,301251002,1),
('Usu357','Usu257@hotmail.com','valentine','2018-01-20',null,null,301251002,1),
('Usu358','Usu258@hotmail.com','041582','2018-01-23',null,null,315268405,1),
('Usu359','Usu259@hotmail.com','Asombro','2018-01-24',null,null,315268405,1),
('Usu360','Usu260@hotmail.com','23485','2018-01-13',null,null,256331215,1),
('Usu361','Usu261@hotmail.com','545889','2018-01-20',null,null,211852158,1),
('Usu362','Usu262@hotmail.com','548912','2018-01-24',null,null,198251253,1),
('Usu363','Usu263@hotmail.com','23488','2018-01-15',null,null,145325148,1),
('Usu364','Usu264@hotmail.com','13486','2018-01-25',null,null,215258258,1),
('Usu365','Usu265@hotmail.com','123486','2018-01-26',null,null,304677979,1),
('Usu366','Usu266@hotmail.com','64897','2018-01-27',null,null,002428325,1),
('Usu367','Usu267@hotmail.com','1111','2018-01-28',null,null,256385215,1),
('Usu368','Usu268@hotmail.com','2222','2018-01-29',null,null,195821548,1),
('Usu369','Usu269@hotmail.com','3333','2018-01-17',null,null,125148521,1),
('Usu370','Usu270@hotmail.com','4444','2018-01-16',null,null,195482578,1),
('Usu371','Usu271@hotmail.com','5555','2018-01-14',null,null,162548215,1),
('Usu372','Usu272@hotmail.com','6666','2018-01-12',null,null,169365218,1),
('Usu373','Usu273@hotmail.com','7777','2018-01-13',null,null,174824582,1),
('Usu374','Usu274@hotmail.com','8888','2018-01-14',null,null,196520002,1),
('Usu375','Usu275@hotmail.com','9999','2018-01-15',null,null,236250120,1),
('Usu376','Usu276@hotmail.com','1010','2018-01-04',null,null,142852158,1),
('Usu377','Usu277@hotmail.com','1121','2018-01-25',null,null,145212582,1),
('Usu378','Usu278@hotmail.com','aa11','2018-01-04',null,null,169325845,1),
('Usu379','Usu279@hotmail.com','abcd','2018-01-16',null,null,163232025,1),
('Usu380','Usu280@hotmail.com','basedatos','2018-01-04',null,null,245821523,1),
('Usu381','Usu281@hotmail.com','group by','2018-01-17',null,null,196325481,1),
('usu382','usu282@hotmail.com','informatica','2018-01-17',null,null,236654821,1),
('Usu383','Usu283@hotmail.com','1728','2018-01-04',null,null,215824822,1),
('Usu384','Usu21@hotmail.com','37678','2018-01-04',null,null,236251254,1),
('Usu385','Usu285@hotmail.com','5397','2018-01-14',null,null,215214448,1),
('Usu386','Usu286@hotmail.com','38975','2018-01-14',null,null,236256125,1),
('Usu387','Usu287@hotmail.com','23497','2018-01-14',null,null,174452186,1),
('Usu388','Usu288@hotmail.com','3489','2018-01-04',null,null,176522154,1),
('Usu389','Usu289@hotmail.com','64897','2018-01-25',null,null,263255269,1),
('Usu390','Usu216@hotmail.com','micontraseñaesjara','2018-01-01',null,null,189623521,1),
('Usu391','Usu291@hotmail.com','1010','2018-01-04',null,null,175425814,1),
('Usu392','Usu292@hotmail.com','1121','2018-01-25',null,null,162235125,1),
('Usu393','Usu293@hotmail.com','aa11','2018-01-04',null,null,142150002,1),
('Usu394','Usu294@hotmail.com','abcd','2018-01-16',null,null,262415825,1),
('Usu395','Usu295@hotmail.com','basedatos','2018-01-04',null,null,256215258,1),
('Usu396','Usu296@hotmail.com','group by','2018-01-17',null,null,287524251,1),
('usu397','usu297@hotmail.com','informatica','2018-01-17',null,null,312512025,1),
('Usu398','Usu298@hotmail.com','1728','2018-01-04',null,null,326582410,1),
('Usu399','Usu299hotmail.com','37678','2018-01-04',null,null,336258428,1);


Insert into vacacion_bd(vaca_fechainicio,vaca_fechafin,CF_vaca_empleado) values
('2017-12-01', '2018-02-01',25601803),
('2017-08-21', '2018-11-21',26528142),
('2018-02-11', '2018-05-11',24851251),
('2018-09-10', '2018-12-03',18564228),
('2018-04-08', '2018-07-08',17458521);




Insert into horario_bd(hora_dia,hora_inicio,hora_fin) values
('Lunes','07:00:00','17:10:00'),
('Martes','07:30:00','17:30:00'),
('Miércoles','06:30:00','16:30:00'),
('Jueves','07:40:00','18:00:00'),
('Viernes','06:50:00','17:45:00');

Insert into empleado_horario(cf_empl_hora_empleado, cf_empl_hora_horario) values
(25601803,1),
(26528142,2),
(24851251,3),
(25482125,4),
(23625482,5);

Insert into departamento_bd(depa_Nombre) Values
('Entregas'),
('Pedidos'),
('Despacho'),
('Pedidos internos'),
('Venta en línea');



Insert into departamento_tienda(Cf_depa_tien_departamento,Cf_depa_tien_tienda) values
(1,1),
(2,1),
(3,1),
(4,1),
(5,1),
(1,2),
(2,2),
(3,2),
(4,2),
(5,2),
(1,3),
(2,3),
(3,3),
(4,3),
(5,3),
(1,4),
(2,4),
(3,4),
(4,4),
(5,4),
(1,5),
(2,5),
(3,5),
(4,5),
(5,5),
(1,6),
(2,6),
(3,6),
(4,6),
(5,6),
(1,7),
(2,7),
(3,7),
(4,7),
(5,7),
(1,8),
(2,8),
(3,8),
(4,8),
(5,8),
(1,9),
(2,9),
(3,9),
(4,9),
(5,9),
(1,10),
(2,10),
(3,10),
(4,10),
(5,10),
(1,11),
(2,11),
(3,11),
(4,11),
(5,11),
(1,12),
(2,12),
(3,12),
(4,12),
(5,12),
(1,13),
(2,13),
(3,13),
(4,13),
(5,13),
(1,14),
(2,14),
(3,14),
(4,14),
(5,14),
(1,15),
(2,15),
(3,15),
(4,15),
(5,15),
(1,16),
(2,16),
(3,16),
(4,16),
(5,16),
(1,17),
(2,17),
(3,17),
(4,17),
(5,17),
(1,18),
(2,18),
(3,18),
(4,18),
(5,18),
(1,19),
(2,19),
(3,19),
(4,19),
(5,19),
(1,20),
(2,20),
(3,20),
(4,20),
(5,20),
(1,21),
(2,21),
(3,21),
(4,21),
(5,21),
(1,22),
(2,22),
(3,22),
(4,22),
(5,22),
(1,23),
(2,23),
(3,23),
(4,23),
(5,23),
(1,24),
(2,24),
(3,24),
(4,24),
(5,24),
(1,25),
(2,25),
(3,25),
(4,25),
(5,25),
(1,26),
(2,26),
(3,26),
(4,26),
(5,26),
(1,27),
(2,27),
(3,27),
(4,27),
(5,27),
(1,28),
(2,28),
(3,28),
(4,28),
(5,28),
(1,29),
(2,29),
(3,29),
(4,29),
(5,29),
(1,30),
(2,30),
(3,30),
(4,30),
(5,30),
(1,31),
(2,31),
(3,31),
(4,31),
(5,31),
(1,32),
(2,32),
(3,32),
(4,32),
(5,32),
(1,33),
(2,33),
(3,33),
(4,34),
(5,34),
(1,35),
(2,35),
(3,35),
(4,35),
(5,35),
(1,36),
(2,36),
(3,36),
(4,36),
(5,36),
(1,36),
(2,36),
(3,36),
(4,36),
(5,36),
(1,37),
(2,37),
(3,37),
(4,37),
(5,37),
(1,38),
(2,38),
(3,38),
(4,38),
(5,38),
(1,39),
(2,39),
(3,39),
(4,39),
(5,39);

Insert into telefono_bd(tele_numero,cf_tele_juridico,cf_tele_natural) values
(04165352725,175421584,null),
(04160521586,196521540,null),
(04121523658,null, 256331215),
(04145125656,116542852,null),
(04141253325,256395425,null);


Insert into banco_bd(banc_nombre) values
('Banco de Venezuela'),
('Banesco'),
('BOD'),
('Mercantil'),
('BBVA Provincial');

Insert into punto_bd(punt_valor) values
(50),
(60),
(75),
(90),
(100);

Insert into cliente_punto(clie_punt_valormomento,clie_punt_fecha,clie_punt_cantidad,Cf_clie_punt_punto,Cf_clie_punt_juridico ,Cf_clie_punt_natural) values
(80,'2018-03-03',50,1,198542152,null),
(100,'2018-01-15',70,2,145200005,null),
(40,'2018-12-01',30,3,145821452,null),
(60,'2018-05-29',30,4,165214282,null),
(50,'2018-10-12',84,5,null,211852158);

Insert into presupuesto_bd(pres_fecha,pres_montototal,cf_pres_usuario) values
('2018-03-15',3500,'Usu1'),
('2018-11-18',4800,'Usu2'),
('2018-07-16',7500,'Usu3'),
('2018-05-07',6850,'Usu4'),
('2018-02-14',4630,'Usu5');


Insert into tarjeta_bd(tarj_numero,  tarj_tipo,cf_tarj_banco) values
('0002010005','c',1),
('0015052200','d',2),
('0201550025','d',3),
('0200405265','d',4),
('0268800088','c',5);

Insert into cheque_bd(cheq_numero,cf_cheq_banco) values
('008-2512665',5),
('007-6950025',1),
('001-2552215',3),
('004-8472231',2),
('284-2600518',4);

Insert into estatus_bd(Esta_nombre) values
('En proceso'),
('Listo para la entrega'),
('Entregado');

Insert into compra_fisica(cf_comp_fisc_tienda) values
(8),
(17),
(13),
(4),
(1);

Insert into compra_bd(comp_montotal,cf_comp_juridico,cf_comp_natural,cf__comp_comp_fisica) values
(2500,125482251,null,null),
(3800,145215845,null,null),
(4810,175821548,null,null),
(1500,null,198251253,1),
(3500,null,145325148,5);

Insert into Compra_estatus(Comp_esta_fechaini,Comp_esta_fechafin,CF_Comp_esta_compra,CF_comp_esta_estatus) values
('2018-05-03','2018-05-04',1,1),
('2018-08-11','2018-08-15',2,2),
('2018-03-14','2018-03-14',3,3),
('2018-08-20','2018-09-02',4,1),
('2018-11-01','2018-11-13',5,2);

Insert into presupuesto_producto_bd(pre_pro_cantidad,cf_pre_pro_producto_tipo,cf_pre_pro_presupuesto,cf_pre_pro_compra) values
(50,5,1,1),
(80,4,2,2),
(70,3,3,3),
(40,2,4,4),
(35,1,5,5);


Insert into mediospago(cf_clie_medi_juridico,cf_clie_medi_natural,cf_clie_medi_tarjeta,cf_clie_medi_cheque)values

(265215285,null,1,null),
(225115295,null,null,1),
(215842558,null,null,null),
(298542512, null,2,null),
(277821854,null,null,2),
(298542512, null,3,null),
(125482251,null,null,3),
(298542512,null,4,null),
(198254582,null,null,4),
(196524885,null,5,null),
(145821549,null,null,5),
(174521584,null,1,null),
(198542845,null,2,null),
(145215845,null,3,null),
(198542845,null,4,null),
(154821547,null,5,null),
(132512548,null,1,null),
(17452114,null,2,null),
(164852154,null,3,null),
(198542152,null,4,null),
(175421584,null,5,null),
(195820000,null,1,null),
(154215210,null,2,null),
(196521540,null,3,null),
(154215210,null,4,null),
(152482215,null,5,null),
(145200005,null,1,null),
(175421555,null,2,null),
(145200005,null,3,null),
(112512512,null,4,null),
(174521512,null,5,null),
(175421555,null,1,null),
(123050400,null,2,null),
(186521058,null,3,null),
(123521400,null,4,null),
(155214125,null,5,null),
(116542852,null,1,null),
(174451102,null,2,null),
(116542852,null,3,null),
(174451102,null,4,null),
(245821854,null,5,null),
(298542512,null,1,null),
(152425158,null,2,null),
(165251284,null,3,null),
(175821548,null,4,null),
(186521548,null,5,null),
(198624512,null,1,null),
(201256321,null,2,null),
(215216478,null,3,null),
(223510052,null,4,null),
(236251258,null,5,null),
(249875212,null,1,null),
(245136695,null,2,null),
(256395425,null,3,null),
(235210552,null,4,null),
(226018254,null,5,null),
(263251285,null,1,null),
(278542154,null,2,null),
(132512025,null,3,null),
(178521545,null,4,null),
(169325115,null,5,null),
(198521522,null,1,null),
(112512512,null,2,null),
(102513521,null,3,null),
(136295412,null,4,null),
(145821452,null,5,null),
(135210520,null,1,null),
(125125210,null,2,null),
(198251240,null,3,null),
(135214250,null,4,null),
(145215203,null,5,null),
(178452120,null,1,null),
(165214282,null,2,null),
(136251522,null,3,null),
(136985215,null,4,null),
(148542120,null,5,null),
(178452000,null,1,null),
(195645820,null,2,null),
(null,256331215,1,null), 
(null,211852158,2,null),
(null,198251253,3,null),
(null,145325148,4,null),
(null,215258258,5,null),
(null,304677979,1,null), 
(null,002428325,2,null),
(null,256385215,3,null),
(null,195821548,4,null),
(null,125148521,5,null), 
(null,195482578,1,null),
(null,162548215,2,null),
(null,169365218,3,null), 
(null,174824582,4,null), 
(null,196520002,5,null),
(null,236250120,1,null), 
(null,142852158,2,null),
(null,145212582,3,null),
(null,169325845,4,null), 
(null,163232025,5,null),
(null,245821523,1,null),
(null,196325481,2,null),
(null,236654821,3,null),
(null,215824822,4,null),
(null,236251254,5,null),
(null,215214448,1,null),
(null,236256125,2,null),
(null,174452186,3,null),
(null,176522154,4,null),
(null,263255269,5,null),
(null,189525448,1,null),
(null,189623521,2,null),
(null,175425814,3,null),
(null,162235125,4,null),
(null,142150002,5,null),
(null,262415825,1,null),
(null,256215258,2,null),
(null,287524251,3,null),
(null,312512025,4,null),
(null,326582410,5,null),
(null,336258428,1,null), 
(null,336258452,2,null), 
(null,346258215,3,null), 
(null,356248512,4,null),
(null,369521582,5,null),
(null,196521584,1,null),
(null,185425120,2,null),
(null,169582458,3,null),
(null,256251120,4,null),
(null,265320155,5,null),
(null,263258524,1,null),
(null,245821554,2,null),
(null,265824258,3,null),
(null,275584258,4,null), 
(null,265825452,5,null),
(null,236254878,1,null),
(null,121524258,2,null), 
(null,263265888,3,null), 
(null,242515788,4,null),
(null,173451258,5,null),
(null,154628512,1,null),
(null,145821584,2,null), 
(null,165821582,3,null),
(null,112512548,4,null),
(null,136258425,5,null),
(null,136521584,1,null),
(null,162514855,2,null),
(null,175215893,3,null),
(null,175824553,4,null),
(null,174545158,5,null),
(null,196521825,1,null),
(null,362952478,2,null),
(null,174582158,3,null),
(null,252125841,4,null),
(null,268244125,5,null),
(null,301251002,1,null),
(null,315268405,2,null);

Insert into pago_bd(Pago_monto,Cf_pago_compra,Cf_Pago_clie_punt,cf_pago_mediospago) values
(200,1,null,1),
(300,null,2,2),
(450,3,4,3),
(780,4,5,4),
(320,5,null,5);

Insert into ordenreposicion_bd(orde_descripcion,orde_fecha,cf_orde_tienda) values
('Orden de reposición','2018-11-25',1),
('Orden de reposición','2018-06-17',2),
('Orden de reposición','2018-03-14',3),
('Orden de reposición','2018-04-24',4),
('Orden de reposición','2018-12-19',5);

Insert into Orden_producto (Orde_proc_cantidad,Cf_Orde_proc_ordenreposicion,Cf_Prod_tipo) values
(50,1,2),
(75,1,3),
(30,3,4),
(40,4,5),
(100,5,1);

Insert into inventario_bd(Inve_cantidad,Cf_inv_tienda,Cf_inv_producto_tipo) values
(50,1,1),
(100,3,3),
(40,18,4),
(75,14,5),
(86,7,2);


Insert into ingrediente_bd(ingr_clave,ingr_nombre) values

(1,'Leche'),
(2,'Azucar'),
(3,'Mastequilla'),
(4,'Chocolate'),
(5,'Azucar'),
(6,'Jarabe de maíz'),
(7,'Vainilla'),
(8,'Picante'),
(9,'Menta'),
(10,'Miel'),
(11,'Jengibre'),
(12,'Limon'),
(13,'Manzana'),
(14,'Yogur'),
(15,'Avena'),
(16,'Avellana'),
(17,'Naranja'),
(18,'Patilla'),
(19,'Nueces'),
(20,'Mentol'),
(21,'Melisa'),
(22,'Eucalipto'),
(23,'Fresa'),
(24,'Piña'),
(25,'Cereza'),
(26,'Café'),
(27,'Crema'),
(28,'Melocotón'),
(29,'Hojaldre '),
(30,'Cacao'),
(31,'Huevo'),
(32,'Coco'),
(33,'Manteca'),
(34,'Extracto'),
(35,'Frambuesa'),
(36,'Aceite'),
(37,'Vinagre');
